,hgt,byr,cid,pid,eyr,hcl,ecl,iyr
0,59cm,2029,219,9381688753,1992,#b6652a,#7a0fa6,
1,59cm,2029,219,9381688753,1992,#b6652a,#7a0fa6,
2,59cm,2029,219,9381688753,1992,#b6652a,#7a0fa6,
3,59cm,2029,219,9381688753,1992,#b6652a,#7a0fa6,
4,59cm,2029,219,9381688753,1992,#b6652a,#7a0fa6,
5,59cm,2029,219,9381688753,1992,#b6652a,#7a0fa6,
6,59cm,2029,219,9381688753,1992,#b6652a,#7a0fa6,
7,,1968,335,943614755,2026,,blu,2018
8,,1968,335,943614755,2026,,blu,2018
9,,1968,335,943614755,2026,,blu,2018
10,,1968,335,943614755,2026,,blu,2018
11,,1968,335,943614755,2026,,blu,2018
12,,1968,335,943614755,2026,,blu,2018
13,64cm,2029,281,067285985,1944,#ceb3a1,#07219a,2025
14,64cm,2029,281,067285985,1944,#ceb3a1,#07219a,2025
15,64cm,2029,281,067285985,1944,#ceb3a1,#07219a,2025
16,64cm,2029,281,067285985,1944,#ceb3a1,#07219a,2025
17,64cm,2029,281,067285985,1944,#ceb3a1,#07219a,2025
18,64cm,2029,281,067285985,1944,#ceb3a1,#07219a,2025
19,64cm,2029,281,067285985,1944,#ceb3a1,#07219a,2025
20,64cm,2029,281,067285985,1944,#ceb3a1,#07219a,2025
21,185cm,1970,222,269105457,2026,#866857,gry,2016
22,185cm,1970,222,269105457,2026,#866857,gry,2016
23,185cm,1970,222,269105457,2026,#866857,gry,2016
24,185cm,1970,222,269105457,2026,#866857,gry,2016
25,185cm,1970,222,269105457,2026,#866857,gry,2016
26,185cm,1970,222,269105457,2026,#866857,gry,2016
27,185cm,1970,222,269105457,2026,#866857,gry,2016
28,185cm,1970,222,269105457,2026,#866857,gry,2016
29,163cm,1990,275,260043570,,#b6652a,brn,2012
30,163cm,1990,275,260043570,,#b6652a,brn,2012
31,163cm,1990,275,260043570,,#b6652a,brn,2012
32,163cm,1990,275,260043570,,#b6652a,brn,2012
33,163cm,1990,275,260043570,,#b6652a,brn,2012
34,163cm,1990,275,260043570,,#b6652a,brn,2012
35,163cm,1990,275,260043570,,#b6652a,brn,2012
36,181cm,1950,,604983466,2039,#b6652a,#906548,1930
37,181cm,1950,,604983466,2039,#b6652a,#906548,1930
38,181cm,1950,,604983466,2039,#b6652a,#906548,1930
39,181cm,1950,,604983466,2039,#b6652a,#906548,1930
40,181cm,1950,,604983466,2039,#b6652a,#906548,1930
41,181cm,1950,,604983466,2039,#b6652a,#906548,1930
42,181cm,1950,,604983466,2039,#b6652a,#906548,1930
43,141,2006,327,#1c42cc,1956,z,#f2affc,2025
44,141,2006,327,#1c42cc,1956,z,#f2affc,2025
45,141,2006,327,#1c42cc,1956,z,#f2affc,2025
46,141,2006,327,#1c42cc,1956,z,#f2affc,2025
47,141,2006,327,#1c42cc,1956,z,#f2affc,2025
48,141,2006,327,#1c42cc,1956,z,#f2affc,2025
49,141,2006,327,#1c42cc,1956,z,#f2affc,2025
50,141,2006,327,#1c42cc,1956,z,#f2affc,2025
51,178cm,1939,,595705064,2026,#888785,oth,2020
52,178cm,1939,,595705064,2026,#888785,oth,2020
53,178cm,1939,,595705064,2026,#888785,oth,2020
54,178cm,1939,,595705064,2026,#888785,oth,2020
55,178cm,1939,,595705064,2026,#888785,oth,2020
56,178cm,1939,,595705064,2026,#888785,oth,2020
57,178cm,1939,,595705064,2026,#888785,oth,2020
58,159cm,1980,,139063139,2020,#efcc98,brn,2016
59,159cm,1980,,139063139,2020,#efcc98,brn,2016
60,159cm,1980,,139063139,2020,#efcc98,brn,2016
61,159cm,1980,,139063139,2020,#efcc98,brn,2016
62,159cm,1980,,139063139,2020,#efcc98,brn,2016
63,159cm,1980,,139063139,2020,#efcc98,brn,2016
64,159cm,1980,,139063139,2020,#efcc98,brn,2016
65,179cm,1997,,646870519,2022,#602927,brn,2011
66,179cm,1997,,646870519,2022,#602927,brn,2011
67,179cm,1997,,646870519,2022,#602927,brn,2011
68,179cm,1997,,646870519,2022,#602927,brn,2011
69,179cm,1997,,646870519,2022,#602927,brn,2011
70,179cm,1997,,646870519,2022,#602927,brn,2011
71,179cm,1997,,646870519,2022,#602927,brn,2011
72,170cm,1962,,243067344,2023,#ceb3a1,oth,2014
73,170cm,1962,,243067344,2023,#ceb3a1,oth,2014
74,170cm,1962,,243067344,2023,#ceb3a1,oth,2014
75,170cm,1962,,243067344,2023,#ceb3a1,oth,2014
76,170cm,1962,,243067344,2023,#ceb3a1,oth,2014
77,170cm,1962,,243067344,2023,#ceb3a1,oth,2014
78,170cm,1962,,243067344,2023,#ceb3a1,oth,2014
79,180cm,1941,94,704529614,2026,#866857,oth,2010
80,180cm,1941,94,704529614,2026,#866857,oth,2010
81,180cm,1941,94,704529614,2026,#866857,oth,2010
82,180cm,1941,94,704529614,2026,#866857,oth,2010
83,180cm,1941,94,704529614,2026,#866857,oth,2010
84,180cm,1941,94,704529614,2026,#866857,oth,2010
85,180cm,1941,94,704529614,2026,#866857,oth,2010
86,180cm,1941,94,704529614,2026,#866857,oth,2010
87,74cm,2024,153,36196401,1921,a4e4c0,#3acf57,1924
88,74cm,2024,153,36196401,1921,a4e4c0,#3acf57,1924
89,74cm,2024,153,36196401,1921,a4e4c0,#3acf57,1924
90,74cm,2024,153,36196401,1921,a4e4c0,#3acf57,1924
91,74cm,2024,153,36196401,1921,a4e4c0,#3acf57,1924
92,74cm,2024,153,36196401,1921,a4e4c0,#3acf57,1924
93,74cm,2024,153,36196401,1921,a4e4c0,#3acf57,1924
94,74cm,2024,153,36196401,1921,a4e4c0,#3acf57,1924
95,151cm,2002,242,770262094,2020,#866857,blu,2012
96,151cm,2002,242,770262094,2020,#866857,blu,2012
97,151cm,2002,242,770262094,2020,#866857,blu,2012
98,151cm,2002,242,770262094,2020,#866857,blu,2012
99,151cm,2002,242,770262094,2020,#866857,blu,2012
100,151cm,2002,242,770262094,2020,#866857,blu,2012
101,151cm,2002,242,770262094,2020,#866857,blu,2012
102,151cm,2002,242,770262094,2020,#866857,blu,2012
103,151,2012,314,984364862,2023,z,dne,2020
104,151,2012,314,984364862,2023,z,dne,2020
105,151,2012,314,984364862,2023,z,dne,2020
106,151,2012,314,984364862,2023,z,dne,2020
107,151,2012,314,984364862,2023,z,dne,2020
108,151,2012,314,984364862,2023,z,dne,2020
109,151,2012,314,984364862,2023,z,dne,2020
110,151,2012,314,984364862,2023,z,dne,2020
111,178cm,1925,323,285882039,2030,#6b5442,grn,2020
112,178cm,1925,323,285882039,2030,#6b5442,grn,2020
113,178cm,1925,323,285882039,2030,#6b5442,grn,2020
114,178cm,1925,323,285882039,2030,#6b5442,grn,2020
115,178cm,1925,323,285882039,2030,#6b5442,grn,2020
116,178cm,1925,323,285882039,2030,#6b5442,grn,2020
117,178cm,1925,323,285882039,2030,#6b5442,grn,2020
118,178cm,1925,323,285882039,2030,#6b5442,grn,2020
119,192cm,1990,,986123633,2024,#7d3b0c,hzl,2019
120,192cm,1990,,986123633,2024,#7d3b0c,hzl,2019
121,192cm,1990,,986123633,2024,#7d3b0c,hzl,2019
122,192cm,1990,,986123633,2024,#7d3b0c,hzl,2019
123,192cm,1990,,986123633,2024,#7d3b0c,hzl,2019
124,192cm,1990,,986123633,2024,#7d3b0c,hzl,2019
125,192cm,1990,,986123633,2024,#7d3b0c,hzl,2019
126,90,2025,,8194347544,2040,,dne,1933
127,90,2025,,8194347544,2040,,dne,1933
128,90,2025,,8194347544,2040,,dne,1933
129,90,2025,,8194347544,2040,,dne,1933
130,90,2025,,8194347544,2040,,dne,1933
131,90,2025,,8194347544,2040,,dne,1933
132,163cm,1934,303,721792159,2026,#eec6fb,amb,2013
133,163cm,1934,303,721792159,2026,#eec6fb,amb,2013
134,163cm,1934,303,721792159,2026,#eec6fb,amb,2013
135,163cm,1934,303,721792159,2026,#eec6fb,amb,2013
136,163cm,1934,303,721792159,2026,#eec6fb,amb,2013
137,163cm,1934,303,721792159,2026,#eec6fb,amb,2013
138,163cm,1934,303,721792159,2026,#eec6fb,amb,2013
139,163cm,1934,303,721792159,2026,#eec6fb,amb,2013
140,167cm,1920,186,217112082,2020,#a97842,oth,2019
141,167cm,1920,186,217112082,2020,#a97842,oth,2019
142,167cm,1920,186,217112082,2020,#a97842,oth,2019
143,167cm,1920,186,217112082,2020,#a97842,oth,2019
144,167cm,1920,186,217112082,2020,#a97842,oth,2019
145,167cm,1920,186,217112082,2020,#a97842,oth,2019
146,167cm,1920,186,217112082,2020,#a97842,oth,2019
147,167cm,1920,186,217112082,2020,#a97842,oth,2019
148,60cm,2029,107,#55ce6b,2040,d30f6b,dne,1920
149,60cm,2029,107,#55ce6b,2040,d30f6b,dne,1920
150,60cm,2029,107,#55ce6b,2040,d30f6b,dne,1920
151,60cm,2029,107,#55ce6b,2040,d30f6b,dne,1920
152,60cm,2029,107,#55ce6b,2040,d30f6b,dne,1920
153,60cm,2029,107,#55ce6b,2040,d30f6b,dne,1920
154,60cm,2029,107,#55ce6b,2040,d30f6b,dne,1920
155,60cm,2029,107,#55ce6b,2040,d30f6b,dne,1920
156,182cm,1935,,644304174,2024,#6b5442,amb,2018
157,182cm,1935,,644304174,2024,#6b5442,amb,2018
158,182cm,1935,,644304174,2024,#6b5442,amb,2018
159,182cm,1935,,644304174,2024,#6b5442,amb,2018
160,182cm,1935,,644304174,2024,#6b5442,amb,2018
161,182cm,1935,,644304174,2024,#6b5442,amb,2018
162,182cm,1935,,644304174,2024,#6b5442,amb,2018
163,161cm,1968,,559383552,2024,#ceb3a1,hzl,2010
164,161cm,1968,,559383552,2024,#ceb3a1,hzl,2010
165,161cm,1968,,559383552,2024,#ceb3a1,hzl,2010
166,161cm,1968,,559383552,2024,#ceb3a1,hzl,2010
167,161cm,1968,,559383552,2024,#ceb3a1,hzl,2010
168,161cm,1968,,559383552,2024,#ceb3a1,hzl,2010
169,161cm,1968,,559383552,2024,#ceb3a1,hzl,2010
170,65cm,1937,,#4bff3e,2027,43fafb,grt,2018
171,65cm,1937,,#4bff3e,2027,43fafb,grt,2018
172,65cm,1937,,#4bff3e,2027,43fafb,grt,2018
173,65cm,1937,,#4bff3e,2027,43fafb,grt,2018
174,65cm,1937,,#4bff3e,2027,43fafb,grt,2018
175,65cm,1937,,#4bff3e,2027,43fafb,grt,2018
176,65cm,1937,,#4bff3e,2027,43fafb,grt,2018
177,166cm,1924,163,,2024,#18171d,,2014
178,166cm,1924,163,,2024,#18171d,,2014
179,166cm,1924,163,,2024,#18171d,,2014
180,166cm,1924,163,,2024,#18171d,,2014
181,166cm,1924,163,,2024,#18171d,,2014
182,166cm,1924,163,,2024,#18171d,,2014
183,167cm,1963,52,955203781,2026,,grn,2016
184,167cm,1963,52,955203781,2026,,grn,2016
185,167cm,1963,52,955203781,2026,,grn,2016
186,167cm,1963,52,955203781,2026,,grn,2016
187,167cm,1963,52,955203781,2026,,grn,2016
188,167cm,1963,52,955203781,2026,,grn,2016
189,167cm,1963,52,955203781,2026,,grn,2016
190,165cm,1932,88,479898570,2024,#c0a76e,grn,2010
191,165cm,1932,88,479898570,2024,#c0a76e,grn,2010
192,165cm,1932,88,479898570,2024,#c0a76e,grn,2010
193,165cm,1932,88,479898570,2024,#c0a76e,grn,2010
194,165cm,1932,88,479898570,2024,#c0a76e,grn,2010
195,165cm,1932,88,479898570,2024,#c0a76e,grn,2010
196,165cm,1932,88,479898570,2024,#c0a76e,grn,2010
197,165cm,1932,88,479898570,2024,#c0a76e,grn,2010
198,178cm,1925,241,069760797,2029,#623a2f,blu,2019
199,178cm,1925,241,069760797,2029,#623a2f,blu,2019
200,178cm,1925,241,069760797,2029,#623a2f,blu,2019
201,178cm,1925,241,069760797,2029,#623a2f,blu,2019
202,178cm,1925,241,069760797,2029,#623a2f,blu,2019
203,178cm,1925,241,069760797,2029,#623a2f,blu,2019
204,178cm,1925,241,069760797,2029,#623a2f,blu,2019
205,178cm,1925,241,069760797,2029,#623a2f,blu,2019
206,172cm,,,#98caec,2036,z,dne,2016
207,172cm,,,#98caec,2036,z,dne,2016
208,172cm,,,#98caec,2036,z,dne,2016
209,172cm,,,#98caec,2036,z,dne,2016
210,172cm,,,#98caec,2036,z,dne,2016
211,172cm,,,#98caec,2036,z,dne,2016
212,172in,2018,339,#6c1216,2039,z,#510672,1938
213,172in,2018,339,#6c1216,2039,z,#510672,1938
214,172in,2018,339,#6c1216,2039,z,#510672,1938
215,172in,2018,339,#6c1216,2039,z,#510672,1938
216,172in,2018,339,#6c1216,2039,z,#510672,1938
217,172in,2018,339,#6c1216,2039,z,#510672,1938
218,172in,2018,339,#6c1216,2039,z,#510672,1938
219,172in,2018,339,#6c1216,2039,z,#510672,1938
220,171cm,1972,,190911803,2025,#efcc98,brn,2011
221,171cm,1972,,190911803,2025,#efcc98,brn,2011
222,171cm,1972,,190911803,2025,#efcc98,brn,2011
223,171cm,1972,,190911803,2025,#efcc98,brn,2011
224,171cm,1972,,190911803,2025,#efcc98,brn,2011
225,171cm,1972,,190911803,2025,#efcc98,brn,2011
226,171cm,1972,,190911803,2025,#efcc98,brn,2011
227,96,2009,,0636917222,2026,z,hzl,1997
228,96,2009,,0636917222,2026,z,hzl,1997
229,96,2009,,0636917222,2026,z,hzl,1997
230,96,2009,,0636917222,2026,z,hzl,1997
231,96,2009,,0636917222,2026,z,hzl,1997
232,96,2009,,0636917222,2026,z,hzl,1997
233,96,2009,,0636917222,2026,z,hzl,1997
234,170cm,1989,155,071588682,1955,#ceb3a1,grn,2011
235,170cm,1989,155,071588682,1955,#ceb3a1,grn,2011
236,170cm,1989,155,071588682,1955,#ceb3a1,grn,2011
237,170cm,1989,155,071588682,1955,#ceb3a1,grn,2011
238,170cm,1989,155,071588682,1955,#ceb3a1,grn,2011
239,170cm,1989,155,071588682,1955,#ceb3a1,grn,2011
240,170cm,1989,155,071588682,1955,#ceb3a1,grn,2011
241,170cm,1989,155,071588682,1955,#ceb3a1,grn,2011
242,175cm,1964,266,,,#a97842,brn,2017
243,175cm,1964,266,,,#a97842,brn,2017
244,175cm,1964,266,,,#a97842,brn,2017
245,175cm,1964,266,,,#a97842,brn,2017
246,175cm,1964,266,,,#a97842,brn,2017
247,175cm,1964,266,,,#a97842,brn,2017
248,63in,1995,,930133867,2021,#733820,grn,2014
249,63in,1995,,930133867,2021,#733820,grn,2014
250,63in,1995,,930133867,2021,#733820,grn,2014
251,63in,1995,,930133867,2021,#733820,grn,2014
252,63in,1995,,930133867,2021,#733820,grn,2014
253,63in,1995,,930133867,2021,#733820,grn,2014
254,63in,1995,,930133867,2021,#733820,grn,2014
255,65in,1961,,284329794,2025,#ceb3a1,blu,2012
256,65in,1961,,284329794,2025,#ceb3a1,blu,2012
257,65in,1961,,284329794,2025,#ceb3a1,blu,2012
258,65in,1961,,284329794,2025,#ceb3a1,blu,2012
259,65in,1961,,284329794,2025,#ceb3a1,blu,2012
260,65in,1961,,284329794,2025,#ceb3a1,blu,2012
261,65in,1961,,284329794,2025,#ceb3a1,blu,2012
262,160cm,1998,324,253052921,2029,#cfa07d,amb,2010
263,160cm,1998,324,253052921,2029,#cfa07d,amb,2010
264,160cm,1998,324,253052921,2029,#cfa07d,amb,2010
265,160cm,1998,324,253052921,2029,#cfa07d,amb,2010
266,160cm,1998,324,253052921,2029,#cfa07d,amb,2010
267,160cm,1998,324,253052921,2029,#cfa07d,amb,2010
268,160cm,1998,324,253052921,2029,#cfa07d,amb,2010
269,160cm,1998,324,253052921,2029,#cfa07d,amb,2010
270,162cm,1999,,026835791,2022,#7d3b0c,brn,2014
271,162cm,1999,,026835791,2022,#7d3b0c,brn,2014
272,162cm,1999,,026835791,2022,#7d3b0c,brn,2014
273,162cm,1999,,026835791,2022,#7d3b0c,brn,2014
274,162cm,1999,,026835791,2022,#7d3b0c,brn,2014
275,162cm,1999,,026835791,2022,#7d3b0c,brn,2014
276,162cm,1999,,026835791,2022,#7d3b0c,brn,2014
277,65in,1952,,672752198,2030,#cfa07d,amb,2016
278,65in,1952,,672752198,2030,#cfa07d,amb,2016
279,65in,1952,,672752198,2030,#cfa07d,amb,2016
280,65in,1952,,672752198,2030,#cfa07d,amb,2016
281,65in,1952,,672752198,2030,#cfa07d,amb,2016
282,65in,1952,,672752198,2030,#cfa07d,amb,2016
283,65in,1952,,672752198,2030,#cfa07d,amb,2016
284,193in,2019,,#cbc08c,2002,z,#3e9f2f,1951
285,193in,2019,,#cbc08c,2002,z,#3e9f2f,1951
286,193in,2019,,#cbc08c,2002,z,#3e9f2f,1951
287,193in,2019,,#cbc08c,2002,z,#3e9f2f,1951
288,193in,2019,,#cbc08c,2002,z,#3e9f2f,1951
289,193in,2019,,#cbc08c,2002,z,#3e9f2f,1951
290,193in,2019,,#cbc08c,2002,z,#3e9f2f,1951
291,175in,2012,240,571477176,1929,f4ef32,utc,
292,175in,2012,240,571477176,1929,f4ef32,utc,
293,175in,2012,240,571477176,1929,f4ef32,utc,
294,175in,2012,240,571477176,1929,f4ef32,utc,
295,175in,2012,240,571477176,1929,f4ef32,utc,
296,175in,2012,240,571477176,1929,f4ef32,utc,
297,175in,2012,240,571477176,1929,f4ef32,utc,
298,157cm,1940,93,274721479,2022,#a5db2a,gry,2012
299,157cm,1940,93,274721479,2022,#a5db2a,gry,2012
300,157cm,1940,93,274721479,2022,#a5db2a,gry,2012
301,157cm,1940,93,274721479,2022,#a5db2a,gry,2012
302,157cm,1940,93,274721479,2022,#a5db2a,gry,2012
303,157cm,1940,93,274721479,2022,#a5db2a,gry,2012
304,157cm,1940,93,274721479,2022,#a5db2a,gry,2012
305,157cm,1940,93,274721479,2022,#a5db2a,gry,2012
306,156cm,1964,95,540858450,2026,#866857,brn,2014
307,156cm,1964,95,540858450,2026,#866857,brn,2014
308,156cm,1964,95,540858450,2026,#866857,brn,2014
309,156cm,1964,95,540858450,2026,#866857,brn,2014
310,156cm,1964,95,540858450,2026,#866857,brn,2014
311,156cm,1964,95,540858450,2026,#866857,brn,2014
312,156cm,1964,95,540858450,2026,#866857,brn,2014
313,156cm,1964,95,540858450,2026,#866857,brn,2014
314,184cm,1939,,532626994,2026,#fffffd,blu,2017
315,184cm,1939,,532626994,2026,#fffffd,blu,2017
316,184cm,1939,,532626994,2026,#fffffd,blu,2017
317,184cm,1939,,532626994,2026,#fffffd,blu,2017
318,184cm,1939,,532626994,2026,#fffffd,blu,2017
319,184cm,1939,,532626994,2026,#fffffd,blu,2017
320,184cm,1939,,532626994,2026,#fffffd,blu,2017
321,70,2022,,404622083,1979,c1ba7f,lzr,2026
322,70,2022,,404622083,1979,c1ba7f,lzr,2026
323,70,2022,,404622083,1979,c1ba7f,lzr,2026
324,70,2022,,404622083,1979,c1ba7f,lzr,2026
325,70,2022,,404622083,1979,c1ba7f,lzr,2026
326,70,2022,,404622083,1979,c1ba7f,lzr,2026
327,70,2022,,404622083,1979,c1ba7f,lzr,2026
328,184cm,1963,177,931910908,2020,#6b5442,gry,2014
329,184cm,1963,177,931910908,2020,#6b5442,gry,2014
330,184cm,1963,177,931910908,2020,#6b5442,gry,2014
331,184cm,1963,177,931910908,2020,#6b5442,gry,2014
332,184cm,1963,177,931910908,2020,#6b5442,gry,2014
333,184cm,1963,177,931910908,2020,#6b5442,gry,2014
334,184cm,1963,177,931910908,2020,#6b5442,gry,2014
335,184cm,1963,177,931910908,2020,#6b5442,gry,2014
336,191cm,1939,123,954124659,2022,#ceb3a1,gry,2019
337,191cm,1939,123,954124659,2022,#ceb3a1,gry,2019
338,191cm,1939,123,954124659,2022,#ceb3a1,gry,2019
339,191cm,1939,123,954124659,2022,#ceb3a1,gry,2019
340,191cm,1939,123,954124659,2022,#ceb3a1,gry,2019
341,191cm,1939,123,954124659,2022,#ceb3a1,gry,2019
342,191cm,1939,123,954124659,2022,#ceb3a1,gry,2019
343,191cm,1939,123,954124659,2022,#ceb3a1,gry,2019
344,153cm,1950,,411032659,2020,,hzl,2014
345,153cm,1950,,411032659,2020,,hzl,2014
346,153cm,1950,,411032659,2020,,hzl,2014
347,153cm,1950,,411032659,2020,,hzl,2014
348,153cm,1950,,411032659,2020,,hzl,2014
349,153cm,1950,,411032659,2020,,hzl,2014
350,156cm,2017,179,29836124,2023,56de83,zzz,2018
351,156cm,2017,179,29836124,2023,56de83,zzz,2018
352,156cm,2017,179,29836124,2023,56de83,zzz,2018
353,156cm,2017,179,29836124,2023,56de83,zzz,2018
354,156cm,2017,179,29836124,2023,56de83,zzz,2018
355,156cm,2017,179,29836124,2023,56de83,zzz,2018
356,156cm,2017,179,29836124,2023,56de83,zzz,2018
357,156cm,2017,179,29836124,2023,56de83,zzz,2018
358,190cm,1998,,565524574,2020,#866857,,2014
359,190cm,1998,,565524574,2020,#866857,,2014
360,190cm,1998,,565524574,2020,#866857,,2014
361,190cm,1998,,565524574,2020,#866857,,2014
362,190cm,1998,,565524574,2020,#866857,,2014
363,190cm,1998,,565524574,2020,#866857,,2014
364,173cm,1973,,,2028,#888785,blu,2016
365,173cm,1973,,,2028,#888785,blu,2016
366,173cm,1973,,,2028,#888785,blu,2016
367,173cm,1973,,,2028,#888785,blu,2016
368,173cm,1973,,,2028,#888785,blu,2016
369,173cm,1973,,,2028,#888785,blu,2016
370,190cm,1987,,028825120,2023,#7d3b0c,oth,2014
371,190cm,1987,,028825120,2023,#7d3b0c,oth,2014
372,190cm,1987,,028825120,2023,#7d3b0c,oth,2014
373,190cm,1987,,028825120,2023,#7d3b0c,oth,2014
374,190cm,1987,,028825120,2023,#7d3b0c,oth,2014
375,190cm,1987,,028825120,2023,#7d3b0c,oth,2014
376,190cm,1987,,028825120,2023,#7d3b0c,oth,2014
377,82,2017,153,172661617,2036,z,#ae607d,
378,82,2017,153,172661617,2036,z,#ae607d,
379,82,2017,153,172661617,2036,z,#ae607d,
380,82,2017,153,172661617,2036,z,#ae607d,
381,82,2017,153,172661617,2036,z,#ae607d,
382,82,2017,153,172661617,2036,z,#ae607d,
383,82,2017,153,172661617,2036,z,#ae607d,
384,68in,1933,151,202888577,2028,#b6652a,brn,2013
385,68in,1933,151,202888577,2028,#b6652a,brn,2013
386,68in,1933,151,202888577,2028,#b6652a,brn,2013
387,68in,1933,151,202888577,2028,#b6652a,brn,2013
388,68in,1933,151,202888577,2028,#b6652a,brn,2013
389,68in,1933,151,202888577,2028,#b6652a,brn,2013
390,68in,1933,151,202888577,2028,#b6652a,brn,2013
391,68in,1933,151,202888577,2028,#b6652a,brn,2013
392,63in,,,146650894,2025,#a355be,amb,2020
393,63in,,,146650894,2025,#a355be,amb,2020
394,63in,,,146650894,2025,#a355be,amb,2020
395,63in,,,146650894,2025,#a355be,amb,2020
396,63in,,,146650894,2025,#a355be,amb,2020
397,63in,,,146650894,2025,#a355be,amb,2020
398,192cm,,,531372965,2025,#fffffd,blu,2016
399,192cm,,,531372965,2025,#fffffd,blu,2016
400,192cm,,,531372965,2025,#fffffd,blu,2016
401,192cm,,,531372965,2025,#fffffd,blu,2016
402,192cm,,,531372965,2025,#fffffd,blu,2016
403,192cm,,,531372965,2025,#fffffd,blu,2016
404,169cm,1961,224,368694418,2025,#6b5442,blu,2016
405,169cm,1961,224,368694418,2025,#6b5442,blu,2016
406,169cm,1961,224,368694418,2025,#6b5442,blu,2016
407,169cm,1961,224,368694418,2025,#6b5442,blu,2016
408,169cm,1961,224,368694418,2025,#6b5442,blu,2016
409,169cm,1961,224,368694418,2025,#6b5442,blu,2016
410,169cm,1961,224,368694418,2025,#6b5442,blu,2016
411,169cm,1961,224,368694418,2025,#6b5442,blu,2016
412,165in,2010,273,43707504,2026,z,grt,1945
413,165in,2010,273,43707504,2026,z,grt,1945
414,165in,2010,273,43707504,2026,z,grt,1945
415,165in,2010,273,43707504,2026,z,grt,1945
416,165in,2010,273,43707504,2026,z,grt,1945
417,165in,2010,273,43707504,2026,z,grt,1945
418,165in,2010,273,43707504,2026,z,grt,1945
419,165in,2010,273,43707504,2026,z,grt,1945
420,159cm,,,915819272,2030,#6b5442,gry,2015
421,159cm,,,915819272,2030,#6b5442,gry,2015
422,159cm,,,915819272,2030,#6b5442,gry,2015
423,159cm,,,915819272,2030,#6b5442,gry,2015
424,159cm,,,915819272,2030,#6b5442,gry,2015
425,159cm,,,915819272,2030,#6b5442,gry,2015
426,161cm,1923,285,808392314,2020,#efcc98,gry,1941
427,161cm,1923,285,808392314,2020,#efcc98,gry,1941
428,161cm,1923,285,808392314,2020,#efcc98,gry,1941
429,161cm,1923,285,808392314,2020,#efcc98,gry,1941
430,161cm,1923,285,808392314,2020,#efcc98,gry,1941
431,161cm,1923,285,808392314,2020,#efcc98,gry,1941
432,161cm,1923,285,808392314,2020,#efcc98,gry,1941
433,161cm,1923,285,808392314,2020,#efcc98,gry,1941
434,161cm,1983,,081917611,2025,#602927,oth,2017
435,161cm,1983,,081917611,2025,#602927,oth,2017
436,161cm,1983,,081917611,2025,#602927,oth,2017
437,161cm,1983,,081917611,2025,#602927,oth,2017
438,161cm,1983,,081917611,2025,#602927,oth,2017
439,161cm,1983,,081917611,2025,#602927,oth,2017
440,161cm,1983,,081917611,2025,#602927,oth,2017
441,67in,1991,198,831032131,2028,#341e13,brn,2013
442,67in,1991,198,831032131,2028,#341e13,brn,2013
443,67in,1991,198,831032131,2028,#341e13,brn,2013
444,67in,1991,198,831032131,2028,#341e13,brn,2013
445,67in,1991,198,831032131,2028,#341e13,brn,2013
446,67in,1991,198,831032131,2028,#341e13,brn,2013
447,67in,1991,198,831032131,2028,#341e13,brn,2013
448,67in,1991,198,831032131,2028,#341e13,brn,2013
449,181cm,1992,320,032769757,2022,#733820,grn,
450,181cm,1992,320,032769757,2022,#733820,grn,
451,181cm,1992,320,032769757,2022,#733820,grn,
452,181cm,1992,320,032769757,2022,#733820,grn,
453,181cm,1992,320,032769757,2022,#733820,grn,
454,181cm,1992,320,032769757,2022,#733820,grn,
455,181cm,1992,320,032769757,2022,#733820,grn,
456,171cm,1932,128,923377839,2020,#18171d,brn,2010
457,171cm,1932,128,923377839,2020,#18171d,brn,2010
458,171cm,1932,128,923377839,2020,#18171d,brn,2010
459,171cm,1932,128,923377839,2020,#18171d,brn,2010
460,171cm,1932,128,923377839,2020,#18171d,brn,2010
461,171cm,1932,128,923377839,2020,#18171d,brn,2010
462,171cm,1932,128,923377839,2020,#18171d,brn,2010
463,171cm,1932,128,923377839,2020,#18171d,brn,2010
464,188in,2008,,569583509,,f74823,hzl,2021
465,188in,2008,,569583509,,f74823,hzl,2021
466,188in,2008,,569583509,,f74823,hzl,2021
467,188in,2008,,569583509,,f74823,hzl,2021
468,188in,2008,,569583509,,f74823,hzl,2021
469,188in,2008,,569583509,,f74823,hzl,2021
470,67cm,2010,144,349492243,2021,z,#24ceee,2016
471,67cm,2010,144,349492243,2021,z,#24ceee,2016
472,67cm,2010,144,349492243,2021,z,#24ceee,2016
473,67cm,2010,144,349492243,2021,z,#24ceee,2016
474,67cm,2010,144,349492243,2021,z,#24ceee,2016
475,67cm,2010,144,349492243,2021,z,#24ceee,2016
476,67cm,2010,144,349492243,2021,z,#24ceee,2016
477,67cm,2010,144,349492243,2021,z,#24ceee,2016
478,163in,2029,,,1962,3a0c30,gry,
479,163in,2029,,,1962,3a0c30,gry,
480,163in,2029,,,1962,3a0c30,gry,
481,163in,2029,,,1962,3a0c30,gry,
482,163in,2029,,,1962,3a0c30,gry,
483,180,1927,87,597098940,2027,#623a2f,#7ea777,2024
484,180,1927,87,597098940,2027,#623a2f,#7ea777,2024
485,180,1927,87,597098940,2027,#623a2f,#7ea777,2024
486,180,1927,87,597098940,2027,#623a2f,#7ea777,2024
487,180,1927,87,597098940,2027,#623a2f,#7ea777,2024
488,180,1927,87,597098940,2027,#623a2f,#7ea777,2024
489,180,1927,87,597098940,2027,#623a2f,#7ea777,2024
490,180,1927,87,597098940,2027,#623a2f,#7ea777,2024
491,193cm,1973,89,374988952,2026,#623a2f,hzl,2010
492,193cm,1973,89,374988952,2026,#623a2f,hzl,2010
493,193cm,1973,89,374988952,2026,#623a2f,hzl,2010
494,193cm,1973,89,374988952,2026,#623a2f,hzl,2010
495,193cm,1973,89,374988952,2026,#623a2f,hzl,2010
496,193cm,1973,89,374988952,2026,#623a2f,hzl,2010
497,193cm,1973,89,374988952,2026,#623a2f,hzl,2010
498,193cm,1973,89,374988952,2026,#623a2f,hzl,2010
499,154cm,1977,329,711256829,2023,#866857,grn,2013
500,154cm,1977,329,711256829,2023,#866857,grn,2013
501,154cm,1977,329,711256829,2023,#866857,grn,2013
502,154cm,1977,329,711256829,2023,#866857,grn,2013
503,154cm,1977,329,711256829,2023,#866857,grn,2013
504,154cm,1977,329,711256829,2023,#866857,grn,2013
505,154cm,1977,329,711256829,2023,#866857,grn,2013
506,154cm,1977,329,711256829,2023,#866857,grn,2013
507,169cm,1920,,212535692,2025,#b6652a,brn,2019
508,169cm,1920,,212535692,2025,#b6652a,brn,2019
509,169cm,1920,,212535692,2025,#b6652a,brn,2019
510,169cm,1920,,212535692,2025,#b6652a,brn,2019
511,169cm,1920,,212535692,2025,#b6652a,brn,2019
512,169cm,1920,,212535692,2025,#b6652a,brn,2019
513,169cm,1920,,212535692,2025,#b6652a,brn,2019
514,157cm,1962,,451039029,2027,#6b5442,blu,2020
515,157cm,1962,,451039029,2027,#6b5442,blu,2020
516,157cm,1962,,451039029,2027,#6b5442,blu,2020
517,157cm,1962,,451039029,2027,#6b5442,blu,2020
518,157cm,1962,,451039029,2027,#6b5442,blu,2020
519,157cm,1962,,451039029,2027,#6b5442,blu,2020
520,157cm,1962,,451039029,2027,#6b5442,blu,2020
521,187cm,1956,,187808959,2026,#733820,oth,2020
522,187cm,1956,,187808959,2026,#733820,oth,2020
523,187cm,1956,,187808959,2026,#733820,oth,2020
524,187cm,1956,,187808959,2026,#733820,oth,2020
525,187cm,1956,,187808959,2026,#733820,oth,2020
526,187cm,1956,,187808959,2026,#733820,oth,2020
527,187cm,1956,,187808959,2026,#733820,oth,2020
528,160cm,1959,193,812555315,2026,#6b5442,blu,2014
529,160cm,1959,193,812555315,2026,#6b5442,blu,2014
530,160cm,1959,193,812555315,2026,#6b5442,blu,2014
531,160cm,1959,193,812555315,2026,#6b5442,blu,2014
532,160cm,1959,193,812555315,2026,#6b5442,blu,2014
533,160cm,1959,193,812555315,2026,#6b5442,blu,2014
534,160cm,1959,193,812555315,2026,#6b5442,blu,2014
535,160cm,1959,193,812555315,2026,#6b5442,blu,2014
536,153cm,1966,,503356330,2026,#ceb3a1,grn,2011
537,153cm,1966,,503356330,2026,#ceb3a1,grn,2011
538,153cm,1966,,503356330,2026,#ceb3a1,grn,2011
539,153cm,1966,,503356330,2026,#ceb3a1,grn,2011
540,153cm,1966,,503356330,2026,#ceb3a1,grn,2011
541,153cm,1966,,503356330,2026,#ceb3a1,grn,2011
542,153cm,1966,,503356330,2026,#ceb3a1,grn,2011
543,152,2012,,382174744,2024,#888785,#95d8a9,2025
544,152,2012,,382174744,2024,#888785,#95d8a9,2025
545,152,2012,,382174744,2024,#888785,#95d8a9,2025
546,152,2012,,382174744,2024,#888785,#95d8a9,2025
547,152,2012,,382174744,2024,#888785,#95d8a9,2025
548,152,2012,,382174744,2024,#888785,#95d8a9,2025
549,152,2012,,382174744,2024,#888785,#95d8a9,2025
550,191cm,1938,279,497365268,2028,#733820,amb,2017
551,191cm,1938,279,497365268,2028,#733820,amb,2017
552,191cm,1938,279,497365268,2028,#733820,amb,2017
553,191cm,1938,279,497365268,2028,#733820,amb,2017
554,191cm,1938,279,497365268,2028,#733820,amb,2017
555,191cm,1938,279,497365268,2028,#733820,amb,2017
556,191cm,1938,279,497365268,2028,#733820,amb,2017
557,191cm,1938,279,497365268,2028,#733820,amb,2017
558,171cm,1982,335,018900639,2030,#efcc98,hzl,2013
559,171cm,1982,335,018900639,2030,#efcc98,hzl,2013
560,171cm,1982,335,018900639,2030,#efcc98,hzl,2013
561,171cm,1982,335,018900639,2030,#efcc98,hzl,2013
562,171cm,1982,335,018900639,2030,#efcc98,hzl,2013
563,171cm,1982,335,018900639,2030,#efcc98,hzl,2013
564,171cm,1982,335,018900639,2030,#efcc98,hzl,2013
565,171cm,1982,335,018900639,2030,#efcc98,hzl,2013
566,175cm,1947,,530128340,2029,#888785,gry,2019
567,175cm,1947,,530128340,2029,#888785,gry,2019
568,175cm,1947,,530128340,2029,#888785,gry,2019
569,175cm,1947,,530128340,2029,#888785,gry,2019
570,175cm,1947,,530128340,2029,#888785,gry,2019
571,175cm,1947,,530128340,2029,#888785,gry,2019
572,175cm,1947,,530128340,2029,#888785,gry,2019
573,183cm,1934,,,2023,#6b5442,grn,
574,183cm,1934,,,2023,#6b5442,grn,
575,183cm,1934,,,2023,#6b5442,grn,
576,183cm,1934,,,2023,#6b5442,grn,
577,183cm,1934,,,2023,#6b5442,grn,
578,69cm,2012,54,184cm,2037,f8ed45,gry,1997
579,69cm,2012,54,184cm,2037,f8ed45,gry,1997
580,69cm,2012,54,184cm,2037,f8ed45,gry,1997
581,69cm,2012,54,184cm,2037,f8ed45,gry,1997
582,69cm,2012,54,184cm,2037,f8ed45,gry,1997
583,69cm,2012,54,184cm,2037,f8ed45,gry,1997
584,69cm,2012,54,184cm,2037,f8ed45,gry,1997
585,69cm,2012,54,184cm,2037,f8ed45,gry,1997
586,157cm,1928,,002528194,2021,#733820,grn,2014
587,157cm,1928,,002528194,2021,#733820,grn,2014
588,157cm,1928,,002528194,2021,#733820,grn,2014
589,157cm,1928,,002528194,2021,#733820,grn,2014
590,157cm,1928,,002528194,2021,#733820,grn,2014
591,157cm,1928,,002528194,2021,#733820,grn,2014
592,157cm,1928,,002528194,2021,#733820,grn,2014
593,163in,2018,298,87155266,2021,#c0946f,#216920,1955
594,163in,2018,298,87155266,2021,#c0946f,#216920,1955
595,163in,2018,298,87155266,2021,#c0946f,#216920,1955
596,163in,2018,298,87155266,2021,#c0946f,#216920,1955
597,163in,2018,298,87155266,2021,#c0946f,#216920,1955
598,163in,2018,298,87155266,2021,#c0946f,#216920,1955
599,163in,2018,298,87155266,2021,#c0946f,#216920,1955
600,163in,2018,298,87155266,2021,#c0946f,#216920,1955
601,170cm,1945,161,649441221,2026,#fffffd,hzl,2017
602,170cm,1945,161,649441221,2026,#fffffd,hzl,2017
603,170cm,1945,161,649441221,2026,#fffffd,hzl,2017
604,170cm,1945,161,649441221,2026,#fffffd,hzl,2017
605,170cm,1945,161,649441221,2026,#fffffd,hzl,2017
606,170cm,1945,161,649441221,2026,#fffffd,hzl,2017
607,170cm,1945,161,649441221,2026,#fffffd,hzl,2017
608,170cm,1945,161,649441221,2026,#fffffd,hzl,2017
609,169cm,1930,,151910079,2029,#18171d,oth,2014
610,169cm,1930,,151910079,2029,#18171d,oth,2014
611,169cm,1930,,151910079,2029,#18171d,oth,2014
612,169cm,1930,,151910079,2029,#18171d,oth,2014
613,169cm,1930,,151910079,2029,#18171d,oth,2014
614,169cm,1930,,151910079,2029,#18171d,oth,2014
615,169cm,1930,,151910079,2029,#18171d,oth,2014
616,167cm,1950,260,910685738,2021,#cfa07d,blu,2010
617,167cm,1950,260,910685738,2021,#cfa07d,blu,2010
618,167cm,1950,260,910685738,2021,#cfa07d,blu,2010
619,167cm,1950,260,910685738,2021,#cfa07d,blu,2010
620,167cm,1950,260,910685738,2021,#cfa07d,blu,2010
621,167cm,1950,260,910685738,2021,#cfa07d,blu,2010
622,167cm,1950,260,910685738,2021,#cfa07d,blu,2010
623,167cm,1950,260,910685738,2021,#cfa07d,blu,2010
624,182cm,1993,117,073035999,2030,#341e13,,
625,182cm,1993,117,073035999,2030,#341e13,,
626,182cm,1993,117,073035999,2030,#341e13,,
627,182cm,1993,117,073035999,2030,#341e13,,
628,182cm,1993,117,073035999,2030,#341e13,,
629,182cm,1993,117,073035999,2030,#341e13,,
630,157cm,1981,,620133246,2028,#866857,blu,2012
631,157cm,1981,,620133246,2028,#866857,blu,2012
632,157cm,1981,,620133246,2028,#866857,blu,2012
633,157cm,1981,,620133246,2028,#866857,blu,2012
634,157cm,1981,,620133246,2028,#866857,blu,2012
635,157cm,1981,,620133246,2028,#866857,blu,2012
636,157cm,1981,,620133246,2028,#866857,blu,2012
637,191cm,1986,,089995590,2023,#733820,amb,2010
638,191cm,1986,,089995590,2023,#733820,amb,2010
639,191cm,1986,,089995590,2023,#733820,amb,2010
640,191cm,1986,,089995590,2023,#733820,amb,2010
641,191cm,1986,,089995590,2023,#733820,amb,2010
642,191cm,1986,,089995590,2023,#733820,amb,2010
643,191cm,1986,,089995590,2023,#733820,amb,2010
644,165cm,1997,153,910093364,2028,#efcc98,gry,2019
645,165cm,1997,153,910093364,2028,#efcc98,gry,2019
646,165cm,1997,153,910093364,2028,#efcc98,gry,2019
647,165cm,1997,153,910093364,2028,#efcc98,gry,2019
648,165cm,1997,153,910093364,2028,#efcc98,gry,2019
649,165cm,1997,153,910093364,2028,#efcc98,gry,2019
650,165cm,1997,153,910093364,2028,#efcc98,gry,2019
651,165cm,1997,153,910093364,2028,#efcc98,gry,2019
652,83,1940,,,2032,174774,xry,2017
653,83,1940,,,2032,174774,xry,2017
654,83,1940,,,2032,174774,xry,2017
655,83,1940,,,2032,174774,xry,2017
656,83,1940,,,2032,174774,xry,2017
657,83,1940,,,2032,174774,xry,2017
658,66,1943,,980352645,2023,#b6652a,oth,2015
659,66,1943,,980352645,2023,#b6652a,oth,2015
660,66,1943,,980352645,2023,#b6652a,oth,2015
661,66,1943,,980352645,2023,#b6652a,oth,2015
662,66,1943,,980352645,2023,#b6652a,oth,2015
663,66,1943,,980352645,2023,#b6652a,oth,2015
664,66,1943,,980352645,2023,#b6652a,oth,2015
665,164cm,1980,,775303596,2030,#671bed,amb,2013
666,164cm,1980,,775303596,2030,#671bed,amb,2013
667,164cm,1980,,775303596,2030,#671bed,amb,2013
668,164cm,1980,,775303596,2030,#671bed,amb,2013
669,164cm,1980,,775303596,2030,#671bed,amb,2013
670,164cm,1980,,775303596,2030,#671bed,amb,2013
671,164cm,1980,,775303596,2030,#671bed,amb,2013
672,173cm,1947,,,1947,7e515c,gmt,1940
673,173cm,1947,,,1947,7e515c,gmt,1940
674,173cm,1947,,,1947,7e515c,gmt,1940
675,173cm,1947,,,1947,7e515c,gmt,1940
676,173cm,1947,,,1947,7e515c,gmt,1940
677,173cm,1947,,,1947,7e515c,gmt,1940
678,185cm,,,,2030,#b6652a,grn,2012
679,185cm,,,,2030,#b6652a,grn,2012
680,185cm,,,,2030,#b6652a,grn,2012
681,185cm,,,,2030,#b6652a,grn,2012
682,185cm,,,,2030,#b6652a,grn,2012
683,185cm,1940,,931660417,2021,#2943a5,amb,2015
684,185cm,1940,,931660417,2021,#2943a5,amb,2015
685,185cm,1940,,931660417,2021,#2943a5,amb,2015
686,185cm,1940,,931660417,2021,#2943a5,amb,2015
687,185cm,1940,,931660417,2021,#2943a5,amb,2015
688,185cm,1940,,931660417,2021,#2943a5,amb,2015
689,185cm,1940,,931660417,2021,#2943a5,amb,2015
690,62cm,1985,59,#af106a,1957,#623a2f,grt,2012
691,62cm,1985,59,#af106a,1957,#623a2f,grt,2012
692,62cm,1985,59,#af106a,1957,#623a2f,grt,2012
693,62cm,1985,59,#af106a,1957,#623a2f,grt,2012
694,62cm,1985,59,#af106a,1957,#623a2f,grt,2012
695,62cm,1985,59,#af106a,1957,#623a2f,grt,2012
696,62cm,1985,59,#af106a,1957,#623a2f,grt,2012
697,62cm,1985,59,#af106a,1957,#623a2f,grt,2012
698,174cm,1941,,351412754,2025,#6b5442,amb,2014
699,174cm,1941,,351412754,2025,#6b5442,amb,2014
700,174cm,1941,,351412754,2025,#6b5442,amb,2014
701,174cm,1941,,351412754,2025,#6b5442,amb,2014
702,174cm,1941,,351412754,2025,#6b5442,amb,2014
703,174cm,1941,,351412754,2025,#6b5442,amb,2014
704,174cm,1941,,351412754,2025,#6b5442,amb,2014
705,63cm,2004,188,5621200134,1924,6ef9ba,#ef68f5,
706,63cm,2004,188,5621200134,1924,6ef9ba,#ef68f5,
707,63cm,2004,188,5621200134,1924,6ef9ba,#ef68f5,
708,63cm,2004,188,5621200134,1924,6ef9ba,#ef68f5,
709,63cm,2004,188,5621200134,1924,6ef9ba,#ef68f5,
710,63cm,2004,188,5621200134,1924,6ef9ba,#ef68f5,
711,63cm,2004,188,5621200134,1924,6ef9ba,#ef68f5,
712,171cm,1976,,041926354,2020,#a97842,,2019
713,171cm,1976,,041926354,2020,#a97842,,2019
714,171cm,1976,,041926354,2020,#a97842,,2019
715,171cm,1976,,041926354,2020,#a97842,,2019
716,171cm,1976,,041926354,2020,#a97842,,2019
717,171cm,1976,,041926354,2020,#a97842,,2019
718,167in,2025,234,181cm,1941,98619a,#f5e651,2021
719,167in,2025,234,181cm,1941,98619a,#f5e651,2021
720,167in,2025,234,181cm,1941,98619a,#f5e651,2021
721,167in,2025,234,181cm,1941,98619a,#f5e651,2021
722,167in,2025,234,181cm,1941,98619a,#f5e651,2021
723,167in,2025,234,181cm,1941,98619a,#f5e651,2021
724,167in,2025,234,181cm,1941,98619a,#f5e651,2021
725,167in,2025,234,181cm,1941,98619a,#f5e651,2021
726,73cm,1985,207,#ee9f95,2028,z,utc,1949
727,73cm,1985,207,#ee9f95,2028,z,utc,1949
728,73cm,1985,207,#ee9f95,2028,z,utc,1949
729,73cm,1985,207,#ee9f95,2028,z,utc,1949
730,73cm,1985,207,#ee9f95,2028,z,utc,1949
731,73cm,1985,207,#ee9f95,2028,z,utc,1949
732,73cm,1985,207,#ee9f95,2028,z,utc,1949
733,73cm,1985,207,#ee9f95,2028,z,utc,1949
734,69cm,1934,,179cm,2030,b8e142,grn,1933
735,69cm,1934,,179cm,2030,b8e142,grn,1933
736,69cm,1934,,179cm,2030,b8e142,grn,1933
737,69cm,1934,,179cm,2030,b8e142,grn,1933
738,69cm,1934,,179cm,2030,b8e142,grn,1933
739,69cm,1934,,179cm,2030,b8e142,grn,1933
740,69cm,1934,,179cm,2030,b8e142,grn,1933
741,111,2030,180,183391861,1954,1fb30f,#0d0160,2028
742,111,2030,180,183391861,1954,1fb30f,#0d0160,2028
743,111,2030,180,183391861,1954,1fb30f,#0d0160,2028
744,111,2030,180,183391861,1954,1fb30f,#0d0160,2028
745,111,2030,180,183391861,1954,1fb30f,#0d0160,2028
746,111,2030,180,183391861,1954,1fb30f,#0d0160,2028
747,111,2030,180,183391861,1954,1fb30f,#0d0160,2028
748,111,2030,180,183391861,1954,1fb30f,#0d0160,2028
749,191cm,2023,,727024676,2025,#b6652a,#0b3b2d,
750,191cm,2023,,727024676,2025,#b6652a,#0b3b2d,
751,191cm,2023,,727024676,2025,#b6652a,#0b3b2d,
752,191cm,2023,,727024676,2025,#b6652a,#0b3b2d,
753,191cm,2023,,727024676,2025,#b6652a,#0b3b2d,
754,191cm,2023,,727024676,2025,#b6652a,#0b3b2d,
755,66in,1923,,454789451,2023,#cfa07d,gry,2013
756,66in,1923,,454789451,2023,#cfa07d,gry,2013
757,66in,1923,,454789451,2023,#cfa07d,gry,2013
758,66in,1923,,454789451,2023,#cfa07d,gry,2013
759,66in,1923,,454789451,2023,#cfa07d,gry,2013
760,66in,1923,,454789451,2023,#cfa07d,gry,2013
761,66in,1923,,454789451,2023,#cfa07d,gry,2013
762,154cm,1926,,339972685,2020,#18171d,amb,2017
763,154cm,1926,,339972685,2020,#18171d,amb,2017
764,154cm,1926,,339972685,2020,#18171d,amb,2017
765,154cm,1926,,339972685,2020,#18171d,amb,2017
766,154cm,1926,,339972685,2020,#18171d,amb,2017
767,154cm,1926,,339972685,2020,#18171d,amb,2017
768,154cm,1926,,339972685,2020,#18171d,amb,2017
769,158cm,1946,302,622779476,2024,#ceb3a1,oth,2012
770,158cm,1946,302,622779476,2024,#ceb3a1,oth,2012
771,158cm,1946,302,622779476,2024,#ceb3a1,oth,2012
772,158cm,1946,302,622779476,2024,#ceb3a1,oth,2012
773,158cm,1946,302,622779476,2024,#ceb3a1,oth,2012
774,158cm,1946,302,622779476,2024,#ceb3a1,oth,2012
775,158cm,1946,302,622779476,2024,#ceb3a1,oth,2012
776,158cm,1946,302,622779476,2024,#ceb3a1,oth,2012
777,135,2012,,748786877,2011,b6e962,gry,2016
778,135,2012,,748786877,2011,b6e962,gry,2016
779,135,2012,,748786877,2011,b6e962,gry,2016
780,135,2012,,748786877,2011,b6e962,gry,2016
781,135,2012,,748786877,2011,b6e962,gry,2016
782,135,2012,,748786877,2011,b6e962,gry,2016
783,135,2012,,748786877,2011,b6e962,gry,2016
784,190cm,1997,,325672898,2022,#a97842,amb,2010
785,190cm,1997,,325672898,2022,#a97842,amb,2010
786,190cm,1997,,325672898,2022,#a97842,amb,2010
787,190cm,1997,,325672898,2022,#a97842,amb,2010
788,190cm,1997,,325672898,2022,#a97842,amb,2010
789,190cm,1997,,325672898,2022,#a97842,amb,2010
790,190cm,1997,,325672898,2022,#a97842,amb,2010
791,184cm,1957,210,374646087,2022,#c0946f,blu,2020
792,184cm,1957,210,374646087,2022,#c0946f,blu,2020
793,184cm,1957,210,374646087,2022,#c0946f,blu,2020
794,184cm,1957,210,374646087,2022,#c0946f,blu,2020
795,184cm,1957,210,374646087,2022,#c0946f,blu,2020
796,184cm,1957,210,374646087,2022,#c0946f,blu,2020
797,184cm,1957,210,374646087,2022,#c0946f,blu,2020
798,184cm,1957,210,374646087,2022,#c0946f,blu,2020
799,,2023,271,#66ec82,2029,10d9d8,#353e0f,
800,,2023,271,#66ec82,2029,10d9d8,#353e0f,
801,,2023,271,#66ec82,2029,10d9d8,#353e0f,
802,,2023,271,#66ec82,2029,10d9d8,#353e0f,
803,,2023,271,#66ec82,2029,10d9d8,#353e0f,
804,,2023,271,#66ec82,2029,10d9d8,#353e0f,
805,185cm,2014,,816485054,2019,#efcc98,grn,2013
806,185cm,2014,,816485054,2019,#efcc98,grn,2013
807,185cm,2014,,816485054,2019,#efcc98,grn,2013
808,185cm,2014,,816485054,2019,#efcc98,grn,2013
809,185cm,2014,,816485054,2019,#efcc98,grn,2013
810,185cm,2014,,816485054,2019,#efcc98,grn,2013
811,185cm,2014,,816485054,2019,#efcc98,grn,2013
812,166cm,1953,,,2022,#866857,blu,2014
813,166cm,1953,,,2022,#866857,blu,2014
814,166cm,1953,,,2022,#866857,blu,2014
815,166cm,1953,,,2022,#866857,blu,2014
816,166cm,1953,,,2022,#866857,blu,2014
817,166cm,1953,,,2022,#866857,blu,2014
818,59cm,2009,,162cm,2025,116742,gmt,1981
819,59cm,2009,,162cm,2025,116742,gmt,1981
820,59cm,2009,,162cm,2025,116742,gmt,1981
821,59cm,2009,,162cm,2025,116742,gmt,1981
822,59cm,2009,,162cm,2025,116742,gmt,1981
823,59cm,2009,,162cm,2025,116742,gmt,1981
824,59cm,2009,,162cm,2025,116742,gmt,1981
825,67cm,1963,,62859332,2028,3d1f34,dne,2023
826,67cm,1963,,62859332,2028,3d1f34,dne,2023
827,67cm,1963,,62859332,2028,3d1f34,dne,2023
828,67cm,1963,,62859332,2028,3d1f34,dne,2023
829,67cm,1963,,62859332,2028,3d1f34,dne,2023
830,67cm,1963,,62859332,2028,3d1f34,dne,2023
831,67cm,1963,,62859332,2028,3d1f34,dne,2023
832,157in,2023,186,271450754,2016,e20882,utc,2013
833,157in,2023,186,271450754,2016,e20882,utc,2013
834,157in,2023,186,271450754,2016,e20882,utc,2013
835,157in,2023,186,271450754,2016,e20882,utc,2013
836,157in,2023,186,271450754,2016,e20882,utc,2013
837,157in,2023,186,271450754,2016,e20882,utc,2013
838,157in,2023,186,271450754,2016,e20882,utc,2013
839,157in,2023,186,271450754,2016,e20882,utc,2013
840,193in,1943,,702200026,1968,#888785,gmt,2018
841,193in,1943,,702200026,1968,#888785,gmt,2018
842,193in,1943,,702200026,1968,#888785,gmt,2018
843,193in,1943,,702200026,1968,#888785,gmt,2018
844,193in,1943,,702200026,1968,#888785,gmt,2018
845,193in,1943,,702200026,1968,#888785,gmt,2018
846,193in,1943,,702200026,1968,#888785,gmt,2018
847,191cm,1989,119,556011434,2025,#866857,amb,
848,191cm,1989,119,556011434,2025,#866857,amb,
849,191cm,1989,119,556011434,2025,#866857,amb,
850,191cm,1989,119,556011434,2025,#866857,amb,
851,191cm,1989,119,556011434,2025,#866857,amb,
852,191cm,1989,119,556011434,2025,#866857,amb,
853,191cm,1989,119,556011434,2025,#866857,amb,
854,178cm,1996,,928476807,2026,#623a2f,amb,2013
855,178cm,1996,,928476807,2026,#623a2f,amb,2013
856,178cm,1996,,928476807,2026,#623a2f,amb,2013
857,178cm,1996,,928476807,2026,#623a2f,amb,2013
858,178cm,1996,,928476807,2026,#623a2f,amb,2013
859,178cm,1996,,928476807,2026,#623a2f,amb,2013
860,178cm,1996,,928476807,2026,#623a2f,amb,2013
861,155cm,1983,222,325218825,2021,#fffffd,brn,2011
862,155cm,1983,222,325218825,2021,#fffffd,brn,2011
863,155cm,1983,222,325218825,2021,#fffffd,brn,2011
864,155cm,1983,222,325218825,2021,#fffffd,brn,2011
865,155cm,1983,222,325218825,2021,#fffffd,brn,2011
866,155cm,1983,222,325218825,2021,#fffffd,brn,2011
867,155cm,1983,222,325218825,2021,#fffffd,brn,2011
868,155cm,1983,222,325218825,2021,#fffffd,brn,2011
869,,1974,182,949344785,2025,#ceb3a1,grn,2011
870,,1974,182,949344785,2025,#ceb3a1,grn,2011
871,,1974,182,949344785,2025,#ceb3a1,grn,2011
872,,1974,182,949344785,2025,#ceb3a1,grn,2011
873,,1974,182,949344785,2025,#ceb3a1,grn,2011
874,,1974,182,949344785,2025,#ceb3a1,grn,2011
875,,1974,182,949344785,2025,#ceb3a1,grn,2011
876,176cm,1957,269,669599426,2025,#623a2f,blu,2015
877,176cm,1957,269,669599426,2025,#623a2f,blu,2015
878,176cm,1957,269,669599426,2025,#623a2f,blu,2015
879,176cm,1957,269,669599426,2025,#623a2f,blu,2015
880,176cm,1957,269,669599426,2025,#623a2f,blu,2015
881,176cm,1957,269,669599426,2025,#623a2f,blu,2015
882,176cm,1957,269,669599426,2025,#623a2f,blu,2015
883,176cm,1957,269,669599426,2025,#623a2f,blu,2015
884,186cm,,,178525132,2023,#888785,,2018
885,186cm,,,178525132,2023,#888785,,2018
886,186cm,,,178525132,2023,#888785,,2018
887,186cm,,,178525132,2023,#888785,,2018
888,186cm,,,178525132,2023,#888785,,2018
889,185cm,1940,,,2028,#7c73a3,hzl,2013
890,185cm,1940,,,2028,#7c73a3,hzl,2013
891,185cm,1940,,,2028,#7c73a3,hzl,2013
892,185cm,1940,,,2028,#7c73a3,hzl,2013
893,185cm,1940,,,2028,#7c73a3,hzl,2013
894,185cm,1940,,,2028,#7c73a3,hzl,2013
895,150,2001,292,93473192,1922,z,#d56bbd,2003
896,150,2001,292,93473192,1922,z,#d56bbd,2003
897,150,2001,292,93473192,1922,z,#d56bbd,2003
898,150,2001,292,93473192,1922,z,#d56bbd,2003
899,150,2001,292,93473192,1922,z,#d56bbd,2003
900,150,2001,292,93473192,1922,z,#d56bbd,2003
901,150,2001,292,93473192,1922,z,#d56bbd,2003
902,150,2001,292,93473192,1922,z,#d56bbd,2003
903,170cm,1955,,786485899,2021,#efcc98,brn,2010
904,170cm,1955,,786485899,2021,#efcc98,brn,2010
905,170cm,1955,,786485899,2021,#efcc98,brn,2010
906,170cm,1955,,786485899,2021,#efcc98,brn,2010
907,170cm,1955,,786485899,2021,#efcc98,brn,2010
908,170cm,1955,,786485899,2021,#efcc98,brn,2010
909,170cm,1955,,786485899,2021,#efcc98,brn,2010
910,157cm,1944,,906803629,2027,#733820,hzl,2015
911,157cm,1944,,906803629,2027,#733820,hzl,2015
912,157cm,1944,,906803629,2027,#733820,hzl,2015
913,157cm,1944,,906803629,2027,#733820,hzl,2015
914,157cm,1944,,906803629,2027,#733820,hzl,2015
915,157cm,1944,,906803629,2027,#733820,hzl,2015
916,157cm,1944,,906803629,2027,#733820,hzl,2015
917,151cm,1995,,369315941,2026,#02ffd7,blu,2016
918,151cm,1995,,369315941,2026,#02ffd7,blu,2016
919,151cm,1995,,369315941,2026,#02ffd7,blu,2016
920,151cm,1995,,369315941,2026,#02ffd7,blu,2016
921,151cm,1995,,369315941,2026,#02ffd7,blu,2016
922,151cm,1995,,369315941,2026,#02ffd7,blu,2016
923,151cm,1995,,369315941,2026,#02ffd7,blu,2016
924,193,,330,33765426,2038,z,#18e883,1929
925,193,,330,33765426,2038,z,#18e883,1929
926,193,,330,33765426,2038,z,#18e883,1929
927,193,,330,33765426,2038,z,#18e883,1929
928,193,,330,33765426,2038,z,#18e883,1929
929,193,,330,33765426,2038,z,#18e883,1929
930,193,,330,33765426,2038,z,#18e883,1929
931,160cm,1955,,743094345,2027,8dae67,gry,1949
932,160cm,1955,,743094345,2027,8dae67,gry,1949
933,160cm,1955,,743094345,2027,8dae67,gry,1949
934,160cm,1955,,743094345,2027,8dae67,gry,1949
935,160cm,1955,,743094345,2027,8dae67,gry,1949
936,160cm,1955,,743094345,2027,8dae67,gry,1949
937,160cm,1955,,743094345,2027,8dae67,gry,1949
938,183cm,1942,167,214065645,2030,#18171d,hzl,2016
939,183cm,1942,167,214065645,2030,#18171d,hzl,2016
940,183cm,1942,167,214065645,2030,#18171d,hzl,2016
941,183cm,1942,167,214065645,2030,#18171d,hzl,2016
942,183cm,1942,167,214065645,2030,#18171d,hzl,2016
943,183cm,1942,167,214065645,2030,#18171d,hzl,2016
944,183cm,1942,167,214065645,2030,#18171d,hzl,2016
945,183cm,1942,167,214065645,2030,#18171d,hzl,2016
946,153cm,1971,171,607344613,2028,#623a2f,brn,2011
947,153cm,1971,171,607344613,2028,#623a2f,brn,2011
948,153cm,1971,171,607344613,2028,#623a2f,brn,2011
949,153cm,1971,171,607344613,2028,#623a2f,brn,2011
950,153cm,1971,171,607344613,2028,#623a2f,brn,2011
951,153cm,1971,171,607344613,2028,#623a2f,brn,2011
952,153cm,1971,171,607344613,2028,#623a2f,brn,2011
953,153cm,1971,171,607344613,2028,#623a2f,brn,2011
954,188cm,1921,,677007802,2028,#341e13,brn,2012
955,188cm,1921,,677007802,2028,#341e13,brn,2012
956,188cm,1921,,677007802,2028,#341e13,brn,2012
957,188cm,1921,,677007802,2028,#341e13,brn,2012
958,188cm,1921,,677007802,2028,#341e13,brn,2012
959,188cm,1921,,677007802,2028,#341e13,brn,2012
960,188cm,1921,,677007802,2028,#341e13,brn,2012
961,162cm,1989,319,67311222,1939,z,utc,2025
962,162cm,1989,319,67311222,1939,z,utc,2025
963,162cm,1989,319,67311222,1939,z,utc,2025
964,162cm,1989,319,67311222,1939,z,utc,2025
965,162cm,1989,319,67311222,1939,z,utc,2025
966,162cm,1989,319,67311222,1939,z,utc,2025
967,162cm,1989,319,67311222,1939,z,utc,2025
968,162cm,1989,319,67311222,1939,z,utc,2025
969,171cm,1997,302,101363367,2025,z,amb,2014
970,171cm,1997,302,101363367,2025,z,amb,2014
971,171cm,1997,302,101363367,2025,z,amb,2014
972,171cm,1997,302,101363367,2025,z,amb,2014
973,171cm,1997,302,101363367,2025,z,amb,2014
974,171cm,1997,302,101363367,2025,z,amb,2014
975,171cm,1997,302,101363367,2025,z,amb,2014
976,171cm,1997,302,101363367,2025,z,amb,2014
977,164cm,1947,96,166115442,2030,4bc20a,oth,2010
978,164cm,1947,96,166115442,2030,4bc20a,oth,2010
979,164cm,1947,96,166115442,2030,4bc20a,oth,2010
980,164cm,1947,96,166115442,2030,4bc20a,oth,2010
981,164cm,1947,96,166115442,2030,4bc20a,oth,2010
982,164cm,1947,96,166115442,2030,4bc20a,oth,2010
983,164cm,1947,96,166115442,2030,4bc20a,oth,2010
984,164cm,1947,96,166115442,2030,4bc20a,oth,2010
985,156cm,1964,321,426807062,2022,#6b5442,brn,2012
986,156cm,1964,321,426807062,2022,#6b5442,brn,2012
987,156cm,1964,321,426807062,2022,#6b5442,brn,2012
988,156cm,1964,321,426807062,2022,#6b5442,brn,2012
989,156cm,1964,321,426807062,2022,#6b5442,brn,2012
990,156cm,1964,321,426807062,2022,#6b5442,brn,2012
991,156cm,1964,321,426807062,2022,#6b5442,brn,2012
992,156cm,1964,321,426807062,2022,#6b5442,brn,2012
993,169cm,2012,298,0660316558,1920,#888785,zzz,2019
994,169cm,2012,298,0660316558,1920,#888785,zzz,2019
995,169cm,2012,298,0660316558,1920,#888785,zzz,2019
996,169cm,2012,298,0660316558,1920,#888785,zzz,2019
997,169cm,2012,298,0660316558,1920,#888785,zzz,2019
998,169cm,2012,298,0660316558,1920,#888785,zzz,2019
999,169cm,2012,298,0660316558,1920,#888785,zzz,2019
1000,169cm,2012,298,0660316558,1920,#888785,zzz,2019
1001,60,1931,,#aa5fd0,2017,579266,gry,1965
1002,60,1931,,#aa5fd0,2017,579266,gry,1965
1003,60,1931,,#aa5fd0,2017,579266,gry,1965
1004,60,1931,,#aa5fd0,2017,579266,gry,1965
1005,60,1931,,#aa5fd0,2017,579266,gry,1965
1006,60,1931,,#aa5fd0,2017,579266,gry,1965
1007,60,1931,,#aa5fd0,2017,579266,gry,1965
1008,161cm,1936,,610896691,2021,#733820,gry,2011
1009,161cm,1936,,610896691,2021,#733820,gry,2011
1010,161cm,1936,,610896691,2021,#733820,gry,2011
1011,161cm,1936,,610896691,2021,#733820,gry,2011
1012,161cm,1936,,610896691,2021,#733820,gry,2011
1013,161cm,1936,,610896691,2021,#733820,gry,2011
1014,161cm,1936,,610896691,2021,#733820,gry,2011
1015,158cm,1928,207,443246791,,#18171d,brn,2015
1016,158cm,1928,207,443246791,,#18171d,brn,2015
1017,158cm,1928,207,443246791,,#18171d,brn,2015
1018,158cm,1928,207,443246791,,#18171d,brn,2015
1019,158cm,1928,207,443246791,,#18171d,brn,2015
1020,158cm,1928,207,443246791,,#18171d,brn,2015
1021,158cm,1928,207,443246791,,#18171d,brn,2015
1022,171cm,1950,,644579904,2027,#b6652a,brn,2017
1023,171cm,1950,,644579904,2027,#b6652a,brn,2017
1024,171cm,1950,,644579904,2027,#b6652a,brn,2017
1025,171cm,1950,,644579904,2027,#b6652a,brn,2017
1026,171cm,1950,,644579904,2027,#b6652a,brn,2017
1027,171cm,1950,,644579904,2027,#b6652a,brn,2017
1028,171cm,1950,,644579904,2027,#b6652a,brn,2017
1029,171cm,1960,205,331465564,2023,#18171d,hzl,2011
1030,171cm,1960,205,331465564,2023,#18171d,hzl,2011
1031,171cm,1960,205,331465564,2023,#18171d,hzl,2011
1032,171cm,1960,205,331465564,2023,#18171d,hzl,2011
1033,171cm,1960,205,331465564,2023,#18171d,hzl,2011
1034,171cm,1960,205,331465564,2023,#18171d,hzl,2011
1035,171cm,1960,205,331465564,2023,#18171d,hzl,2011
1036,171cm,1960,205,331465564,2023,#18171d,hzl,2011
1037,61cm,2023,,162cm,1987,z,#9f458c,1997
1038,61cm,2023,,162cm,1987,z,#9f458c,1997
1039,61cm,2023,,162cm,1987,z,#9f458c,1997
1040,61cm,2023,,162cm,1987,z,#9f458c,1997
1041,61cm,2023,,162cm,1987,z,#9f458c,1997
1042,61cm,2023,,162cm,1987,z,#9f458c,1997
1043,61cm,2023,,162cm,1987,z,#9f458c,1997
1044,,2010,,065607649,,59e376,blu,2020
1045,,2010,,065607649,,59e376,blu,2020
1046,,2010,,065607649,,59e376,blu,2020
1047,,2010,,065607649,,59e376,blu,2020
1048,,2010,,065607649,,59e376,blu,2020
1049,150cm,2022,,167cm,2032,caa145,#06650a,2015
1050,150cm,2022,,167cm,2032,caa145,#06650a,2015
1051,150cm,2022,,167cm,2032,caa145,#06650a,2015
1052,150cm,2022,,167cm,2032,caa145,#06650a,2015
1053,150cm,2022,,167cm,2032,caa145,#06650a,2015
1054,150cm,2022,,167cm,2032,caa145,#06650a,2015
1055,150cm,2022,,167cm,2032,caa145,#06650a,2015
1056,,1932,203,105921085,,#419d73,gry,2017
1057,,1932,203,105921085,,#419d73,gry,2017
1058,,1932,203,105921085,,#419d73,gry,2017
1059,,1932,203,105921085,,#419d73,gry,2017
1060,,1932,203,105921085,,#419d73,gry,2017
1061,,1932,203,105921085,,#419d73,gry,2017
1062,157cm,1940,,501585534,2027,#418895,hzl,2018
1063,157cm,1940,,501585534,2027,#418895,hzl,2018
1064,157cm,1940,,501585534,2027,#418895,hzl,2018
1065,157cm,1940,,501585534,2027,#418895,hzl,2018
1066,157cm,1940,,501585534,2027,#418895,hzl,2018
1067,157cm,1940,,501585534,2027,#418895,hzl,2018
1068,157cm,1940,,501585534,2027,#418895,hzl,2018
1069,171cm,1932,220,085309709,2024,#623a2f,gry,2017
1070,171cm,1932,220,085309709,2024,#623a2f,gry,2017
1071,171cm,1932,220,085309709,2024,#623a2f,gry,2017
1072,171cm,1932,220,085309709,2024,#623a2f,gry,2017
1073,171cm,1932,220,085309709,2024,#623a2f,gry,2017
1074,171cm,1932,220,085309709,2024,#623a2f,gry,2017
1075,171cm,1932,220,085309709,2024,#623a2f,gry,2017
1076,171cm,1932,220,085309709,2024,#623a2f,gry,2017
1077,163cm,1974,93,630322998,2028,#733820,grn,2017
1078,163cm,1974,93,630322998,2028,#733820,grn,2017
1079,163cm,1974,93,630322998,2028,#733820,grn,2017
1080,163cm,1974,93,630322998,2028,#733820,grn,2017
1081,163cm,1974,93,630322998,2028,#733820,grn,2017
1082,163cm,1974,93,630322998,2028,#733820,grn,2017
1083,163cm,1974,93,630322998,2028,#733820,grn,2017
1084,163cm,1974,93,630322998,2028,#733820,grn,2017
1085,166cm,1964,97,355325363,2025,#602927,hzl,2016
1086,166cm,1964,97,355325363,2025,#602927,hzl,2016
1087,166cm,1964,97,355325363,2025,#602927,hzl,2016
1088,166cm,1964,97,355325363,2025,#602927,hzl,2016
1089,166cm,1964,97,355325363,2025,#602927,hzl,2016
1090,166cm,1964,97,355325363,2025,#602927,hzl,2016
1091,166cm,1964,97,355325363,2025,#602927,hzl,2016
1092,166cm,1964,97,355325363,2025,#602927,hzl,2016
1093,174cm,1993,,402228657,2020,#733820,grn,2016
1094,174cm,1993,,402228657,2020,#733820,grn,2016
1095,174cm,1993,,402228657,2020,#733820,grn,2016
1096,174cm,1993,,402228657,2020,#733820,grn,2016
1097,174cm,1993,,402228657,2020,#733820,grn,2016
1098,174cm,1993,,402228657,2020,#733820,grn,2016
1099,174cm,1993,,402228657,2020,#733820,grn,2016
1100,171cm,1939,316,782384470,2030,#c0946f,amb,2020
1101,171cm,1939,316,782384470,2030,#c0946f,amb,2020
1102,171cm,1939,316,782384470,2030,#c0946f,amb,2020
1103,171cm,1939,316,782384470,2030,#c0946f,amb,2020
1104,171cm,1939,316,782384470,2030,#c0946f,amb,2020
1105,171cm,1939,316,782384470,2030,#c0946f,amb,2020
1106,171cm,1939,316,782384470,2030,#c0946f,amb,2020
1107,171cm,1939,316,782384470,2030,#c0946f,amb,2020
1108,192cm,1983,242,839608616,2026,#ceb3a1,hzl,
1109,192cm,1983,242,839608616,2026,#ceb3a1,hzl,
1110,192cm,1983,242,839608616,2026,#ceb3a1,hzl,
1111,192cm,1983,242,839608616,2026,#ceb3a1,hzl,
1112,192cm,1983,242,839608616,2026,#ceb3a1,hzl,
1113,192cm,1983,242,839608616,2026,#ceb3a1,hzl,
1114,192cm,1983,242,839608616,2026,#ceb3a1,hzl,
1115,70in,1931,,701022732,2030,#341e13,amb,2013
1116,70in,1931,,701022732,2030,#341e13,amb,2013
1117,70in,1931,,701022732,2030,#341e13,amb,2013
1118,70in,1931,,701022732,2030,#341e13,amb,2013
1119,70in,1931,,701022732,2030,#341e13,amb,2013
1120,70in,1931,,701022732,2030,#341e13,amb,2013
1121,70in,1931,,701022732,2030,#341e13,amb,2013
1122,179cm,1940,153,740692321,2027,,blu,2010
1123,179cm,1940,153,740692321,2027,,blu,2010
1124,179cm,1940,153,740692321,2027,,blu,2010
1125,179cm,1940,153,740692321,2027,,blu,2010
1126,179cm,1940,153,740692321,2027,,blu,2010
1127,179cm,1940,153,740692321,2027,,blu,2010
1128,179cm,1940,153,740692321,2027,,blu,2010
1129,181in,2029,97,#c38620,1976,z,zzz,2024
1130,181in,2029,97,#c38620,1976,z,zzz,2024
1131,181in,2029,97,#c38620,1976,z,zzz,2024
1132,181in,2029,97,#c38620,1976,z,zzz,2024
1133,181in,2029,97,#c38620,1976,z,zzz,2024
1134,181in,2029,97,#c38620,1976,z,zzz,2024
1135,181in,2029,97,#c38620,1976,z,zzz,2024
1136,181in,2029,97,#c38620,1976,z,zzz,2024
1137,163cm,1999,209,401606571,2023,6f29a6,lzr,2018
1138,163cm,1999,209,401606571,2023,6f29a6,lzr,2018
1139,163cm,1999,209,401606571,2023,6f29a6,lzr,2018
1140,163cm,1999,209,401606571,2023,6f29a6,lzr,2018
1141,163cm,1999,209,401606571,2023,6f29a6,lzr,2018
1142,163cm,1999,209,401606571,2023,6f29a6,lzr,2018
1143,163cm,1999,209,401606571,2023,6f29a6,lzr,2018
1144,163cm,1999,209,401606571,2023,6f29a6,lzr,2018
1145,181cm,1996,,022285219,2021,#6b5442,amb,2018
1146,181cm,1996,,022285219,2021,#6b5442,amb,2018
1147,181cm,1996,,022285219,2021,#6b5442,amb,2018
1148,181cm,1996,,022285219,2021,#6b5442,amb,2018
1149,181cm,1996,,022285219,2021,#6b5442,amb,2018
1150,181cm,1996,,022285219,2021,#6b5442,amb,2018
1151,181cm,1996,,022285219,2021,#6b5442,amb,2018
1152,61in,,93,807990476,2027,#cfa07d,oth,2017
1153,61in,,93,807990476,2027,#cfa07d,oth,2017
1154,61in,,93,807990476,2027,#cfa07d,oth,2017
1155,61in,,93,807990476,2027,#cfa07d,oth,2017
1156,61in,,93,807990476,2027,#cfa07d,oth,2017
1157,61in,,93,807990476,2027,#cfa07d,oth,2017
1158,61in,,93,807990476,2027,#cfa07d,oth,2017
1159,64in,1959,68,225151503,2029,#7d3b0c,brn,2013
1160,64in,1959,68,225151503,2029,#7d3b0c,brn,2013
1161,64in,1959,68,225151503,2029,#7d3b0c,brn,2013
1162,64in,1959,68,225151503,2029,#7d3b0c,brn,2013
1163,64in,1959,68,225151503,2029,#7d3b0c,brn,2013
1164,64in,1959,68,225151503,2029,#7d3b0c,brn,2013
1165,64in,1959,68,225151503,2029,#7d3b0c,brn,2013
1166,64in,1959,68,225151503,2029,#7d3b0c,brn,2013
1167,172in,1950,,187cm,2028,z,brn,2014
1168,172in,1950,,187cm,2028,z,brn,2014
1169,172in,1950,,187cm,2028,z,brn,2014
1170,172in,1950,,187cm,2028,z,brn,2014
1171,172in,1950,,187cm,2028,z,brn,2014
1172,172in,1950,,187cm,2028,z,brn,2014
1173,172in,1950,,187cm,2028,z,brn,2014
1174,175cm,1982,,978263388,2021,#a97842,brn,2014
1175,175cm,1982,,978263388,2021,#a97842,brn,2014
1176,175cm,1982,,978263388,2021,#a97842,brn,2014
1177,175cm,1982,,978263388,2021,#a97842,brn,2014
1178,175cm,1982,,978263388,2021,#a97842,brn,2014
1179,175cm,1982,,978263388,2021,#a97842,brn,2014
1180,175cm,1982,,978263388,2021,#a97842,brn,2014
1181,162cm,1993,,6533951177,2025,#c0946f,hzl,2011
1182,162cm,1993,,6533951177,2025,#c0946f,hzl,2011
1183,162cm,1993,,6533951177,2025,#c0946f,hzl,2011
1184,162cm,1993,,6533951177,2025,#c0946f,hzl,2011
1185,162cm,1993,,6533951177,2025,#c0946f,hzl,2011
1186,162cm,1993,,6533951177,2025,#c0946f,hzl,2011
1187,162cm,1993,,6533951177,2025,#c0946f,hzl,2011
1188,59in,1920,202,182cm,2035,z,#799f29,2025
1189,59in,1920,202,182cm,2035,z,#799f29,2025
1190,59in,1920,202,182cm,2035,z,#799f29,2025
1191,59in,1920,202,182cm,2035,z,#799f29,2025
1192,59in,1920,202,182cm,2035,z,#799f29,2025
1193,59in,1920,202,182cm,2035,z,#799f29,2025
1194,59in,1920,202,182cm,2035,z,#799f29,2025
1195,59in,1920,202,182cm,2035,z,#799f29,2025
1196,185cm,1989,,195276207,2022,#733820,blu,2017
1197,185cm,1989,,195276207,2022,#733820,blu,2017
1198,185cm,1989,,195276207,2022,#733820,blu,2017
1199,185cm,1989,,195276207,2022,#733820,blu,2017
1200,185cm,1989,,195276207,2022,#733820,blu,2017
1201,185cm,1989,,195276207,2022,#733820,blu,2017
1202,185cm,1989,,195276207,2022,#733820,blu,2017
1203,,1951,257,123065639,,#7d3b0c,gry,2013
1204,,1951,257,123065639,,#7d3b0c,gry,2013
1205,,1951,257,123065639,,#7d3b0c,gry,2013
1206,,1951,257,123065639,,#7d3b0c,gry,2013
1207,,1951,257,123065639,,#7d3b0c,gry,2013
1208,,1951,257,123065639,,#7d3b0c,gry,2013
1209,73cm,1927,,719738468,2039,,#a82e90,
1210,73cm,1927,,719738468,2039,,#a82e90,
1211,73cm,1927,,719738468,2039,,#a82e90,
1212,73cm,1927,,719738468,2039,,#a82e90,
1213,73cm,1927,,719738468,2039,,#a82e90,
1214,162cm,2025,343,50424035,2024,605223,oth,2023
1215,162cm,2025,343,50424035,2024,605223,oth,2023
1216,162cm,2025,343,50424035,2024,605223,oth,2023
1217,162cm,2025,343,50424035,2024,605223,oth,2023
1218,162cm,2025,343,50424035,2024,605223,oth,2023
1219,162cm,2025,343,50424035,2024,605223,oth,2023
1220,162cm,2025,343,50424035,2024,605223,oth,2023
1221,162cm,2025,343,50424035,2024,605223,oth,2023
1222,171cm,2013,,8900968325,2022,699116,,2001
1223,171cm,2013,,8900968325,2022,699116,,2001
1224,171cm,2013,,8900968325,2022,699116,,2001
1225,171cm,2013,,8900968325,2022,699116,,2001
1226,171cm,2013,,8900968325,2022,699116,,2001
1227,171cm,2013,,8900968325,2022,699116,,2001
1228,178cm,1986,,568953221,2029,#efcc98,grn,2020
1229,178cm,1986,,568953221,2029,#efcc98,grn,2020
1230,178cm,1986,,568953221,2029,#efcc98,grn,2020
1231,178cm,1986,,568953221,2029,#efcc98,grn,2020
1232,178cm,1986,,568953221,2029,#efcc98,grn,2020
1233,178cm,1986,,568953221,2029,#efcc98,grn,2020
1234,178cm,1986,,568953221,2029,#efcc98,grn,2020
1235,189cm,1932,258,452235579,2028,#602927,grn,2010
1236,189cm,1932,258,452235579,2028,#602927,grn,2010
1237,189cm,1932,258,452235579,2028,#602927,grn,2010
1238,189cm,1932,258,452235579,2028,#602927,grn,2010
1239,189cm,1932,258,452235579,2028,#602927,grn,2010
1240,189cm,1932,258,452235579,2028,#602927,grn,2010
1241,189cm,1932,258,452235579,2028,#602927,grn,2010
1242,189cm,1932,258,452235579,2028,#602927,grn,2010
1243,172in,2005,334,189cm,2032,z,xry,2009
1244,172in,2005,334,189cm,2032,z,xry,2009
1245,172in,2005,334,189cm,2032,z,xry,2009
1246,172in,2005,334,189cm,2032,z,xry,2009
1247,172in,2005,334,189cm,2032,z,xry,2009
1248,172in,2005,334,189cm,2032,z,xry,2009
1249,172in,2005,334,189cm,2032,z,xry,2009
1250,172in,2005,334,189cm,2032,z,xry,2009
1251,159cm,,,166cm,2026,z,oth,2020
1252,159cm,,,166cm,2026,z,oth,2020
1253,159cm,,,166cm,2026,z,oth,2020
1254,159cm,,,166cm,2026,z,oth,2020
1255,159cm,,,166cm,2026,z,oth,2020
1256,159cm,,,166cm,2026,z,oth,2020
1257,168cm,1935,,542611829,2023,#866857,blu,2015
1258,168cm,1935,,542611829,2023,#866857,blu,2015
1259,168cm,1935,,542611829,2023,#866857,blu,2015
1260,168cm,1935,,542611829,2023,#866857,blu,2015
1261,168cm,1935,,542611829,2023,#866857,blu,2015
1262,168cm,1935,,542611829,2023,#866857,blu,2015
1263,168cm,1935,,542611829,2023,#866857,blu,2015
1264,188cm,1999,,#ec3d53,2024,#ceb3a1,oth,2018
1265,188cm,1999,,#ec3d53,2024,#ceb3a1,oth,2018
1266,188cm,1999,,#ec3d53,2024,#ceb3a1,oth,2018
1267,188cm,1999,,#ec3d53,2024,#ceb3a1,oth,2018
1268,188cm,1999,,#ec3d53,2024,#ceb3a1,oth,2018
1269,188cm,1999,,#ec3d53,2024,#ceb3a1,oth,2018
1270,188cm,1999,,#ec3d53,2024,#ceb3a1,oth,2018
1271,167,2003,169,,2037,486800,#29bdd6,2010
1272,167,2003,169,,2037,486800,#29bdd6,2010
1273,167,2003,169,,2037,486800,#29bdd6,2010
1274,167,2003,169,,2037,486800,#29bdd6,2010
1275,167,2003,169,,2037,486800,#29bdd6,2010
1276,167,2003,169,,2037,486800,#29bdd6,2010
1277,167,2003,169,,2037,486800,#29bdd6,2010
1278,181cm,1983,184,203934984,2026,#a97842,gry,2020
1279,181cm,1983,184,203934984,2026,#a97842,gry,2020
1280,181cm,1983,184,203934984,2026,#a97842,gry,2020
1281,181cm,1983,184,203934984,2026,#a97842,gry,2020
1282,181cm,1983,184,203934984,2026,#a97842,gry,2020
1283,181cm,1983,184,203934984,2026,#a97842,gry,2020
1284,181cm,1983,184,203934984,2026,#a97842,gry,2020
1285,181cm,1983,184,203934984,2026,#a97842,gry,2020
1286,180cm,1942,,427001597,2038,#a97842,brn,1934
1287,180cm,1942,,427001597,2038,#a97842,brn,1934
1288,180cm,1942,,427001597,2038,#a97842,brn,1934
1289,180cm,1942,,427001597,2038,#a97842,brn,1934
1290,180cm,1942,,427001597,2038,#a97842,brn,1934
1291,180cm,1942,,427001597,2038,#a97842,brn,1934
1292,180cm,1942,,427001597,2038,#a97842,brn,1934
1293,188cm,1988,267,696617232,2028,#18171d,amb,
1294,188cm,1988,267,696617232,2028,#18171d,amb,
1295,188cm,1988,267,696617232,2028,#18171d,amb,
1296,188cm,1988,267,696617232,2028,#18171d,amb,
1297,188cm,1988,267,696617232,2028,#18171d,amb,
1298,188cm,1988,267,696617232,2028,#18171d,amb,
1299,188cm,1988,267,696617232,2028,#18171d,amb,
1300,189cm,1990,,176cm,2024,#cfa07d,gry,2013
1301,189cm,1990,,176cm,2024,#cfa07d,gry,2013
1302,189cm,1990,,176cm,2024,#cfa07d,gry,2013
1303,189cm,1990,,176cm,2024,#cfa07d,gry,2013
1304,189cm,1990,,176cm,2024,#cfa07d,gry,2013
1305,189cm,1990,,176cm,2024,#cfa07d,gry,2013
1306,189cm,1990,,176cm,2024,#cfa07d,gry,2013
1307,153cm,1961,282,686467422,2025,#ceb3a1,grn,2015
1308,153cm,1961,282,686467422,2025,#ceb3a1,grn,2015
1309,153cm,1961,282,686467422,2025,#ceb3a1,grn,2015
1310,153cm,1961,282,686467422,2025,#ceb3a1,grn,2015
1311,153cm,1961,282,686467422,2025,#ceb3a1,grn,2015
1312,153cm,1961,282,686467422,2025,#ceb3a1,grn,2015
1313,153cm,1961,282,686467422,2025,#ceb3a1,grn,2015
1314,153cm,1961,282,686467422,2025,#ceb3a1,grn,2015
1315,185cm,1931,,561083684,2022,#efcc98,oth,2012
1316,185cm,1931,,561083684,2022,#efcc98,oth,2012
1317,185cm,1931,,561083684,2022,#efcc98,oth,2012
1318,185cm,1931,,561083684,2022,#efcc98,oth,2012
1319,185cm,1931,,561083684,2022,#efcc98,oth,2012
1320,185cm,1931,,561083684,2022,#efcc98,oth,2012
1321,185cm,1931,,561083684,2022,#efcc98,oth,2012
1322,151cm,1948,327,341978822,,#733820,oth,2016
1323,151cm,1948,327,341978822,,#733820,oth,2016
1324,151cm,1948,327,341978822,,#733820,oth,2016
1325,151cm,1948,327,341978822,,#733820,oth,2016
1326,151cm,1948,327,341978822,,#733820,oth,2016
1327,151cm,1948,327,341978822,,#733820,oth,2016
1328,151cm,1948,327,341978822,,#733820,oth,2016
1329,172cm,1978,,093317990,2022,#ceb3a1,oth,2020
1330,172cm,1978,,093317990,2022,#ceb3a1,oth,2020
1331,172cm,1978,,093317990,2022,#ceb3a1,oth,2020
1332,172cm,1978,,093317990,2022,#ceb3a1,oth,2020
1333,172cm,1978,,093317990,2022,#ceb3a1,oth,2020
1334,172cm,1978,,093317990,2022,#ceb3a1,oth,2020
1335,172cm,1978,,093317990,2022,#ceb3a1,oth,2020
1336,174cm,1988,,096891409,2029,#d82822,hzl,2018
1337,174cm,1988,,096891409,2029,#d82822,hzl,2018
1338,174cm,1988,,096891409,2029,#d82822,hzl,2018
1339,174cm,1988,,096891409,2029,#d82822,hzl,2018
1340,174cm,1988,,096891409,2029,#d82822,hzl,2018
1341,174cm,1988,,096891409,2029,#d82822,hzl,2018
1342,174cm,1988,,096891409,2029,#d82822,hzl,2018
1343,170cm,1940,273,588142771,2022,#733820,#a608fe,2018
1344,170cm,1940,273,588142771,2022,#733820,#a608fe,2018
1345,170cm,1940,273,588142771,2022,#733820,#a608fe,2018
1346,170cm,1940,273,588142771,2022,#733820,#a608fe,2018
1347,170cm,1940,273,588142771,2022,#733820,#a608fe,2018
1348,170cm,1940,273,588142771,2022,#733820,#a608fe,2018
1349,170cm,1940,273,588142771,2022,#733820,#a608fe,2018
1350,170cm,1940,273,588142771,2022,#733820,#a608fe,2018
1351,180cm,2027,205,443809337,1980,#341e13,grt,2029
1352,180cm,2027,205,443809337,1980,#341e13,grt,2029
1353,180cm,2027,205,443809337,1980,#341e13,grt,2029
1354,180cm,2027,205,443809337,1980,#341e13,grt,2029
1355,180cm,2027,205,443809337,1980,#341e13,grt,2029
1356,180cm,2027,205,443809337,1980,#341e13,grt,2029
1357,180cm,2027,205,443809337,1980,#341e13,grt,2029
1358,180cm,2027,205,443809337,1980,#341e13,grt,2029
1359,144,2012,,#3b43c1,2032,2f26ab,#f89df0,1982
1360,144,2012,,#3b43c1,2032,2f26ab,#f89df0,1982
1361,144,2012,,#3b43c1,2032,2f26ab,#f89df0,1982
1362,144,2012,,#3b43c1,2032,2f26ab,#f89df0,1982
1363,144,2012,,#3b43c1,2032,2f26ab,#f89df0,1982
1364,144,2012,,#3b43c1,2032,2f26ab,#f89df0,1982
1365,144,2012,,#3b43c1,2032,2f26ab,#f89df0,1982
1366,170in,1971,,030850749,2023,#ceb3a1,hzl,2018
1367,170in,1971,,030850749,2023,#ceb3a1,hzl,2018
1368,170in,1971,,030850749,2023,#ceb3a1,hzl,2018
1369,170in,1971,,030850749,2023,#ceb3a1,hzl,2018
1370,170in,1971,,030850749,2023,#ceb3a1,hzl,2018
1371,170in,1971,,030850749,2023,#ceb3a1,hzl,2018
1372,170in,1971,,030850749,2023,#ceb3a1,hzl,2018
1373,179cm,1940,,437820254,2026,,gry,2020
1374,179cm,1940,,437820254,2026,,gry,2020
1375,179cm,1940,,437820254,2026,,gry,2020
1376,179cm,1940,,437820254,2026,,gry,2020
1377,179cm,1940,,437820254,2026,,gry,2020
1378,179cm,1940,,437820254,2026,,gry,2020
1379,185in,2028,,773739744,1986,z,dne,2020
1380,185in,2028,,773739744,1986,z,dne,2020
1381,185in,2028,,773739744,1986,z,dne,2020
1382,185in,2028,,773739744,1986,z,dne,2020
1383,185in,2028,,773739744,1986,z,dne,2020
1384,185in,2028,,773739744,1986,z,dne,2020
1385,185in,2028,,773739744,1986,z,dne,2020
1386,186cm,1947,64,,2021,#a97842,,2016
1387,186cm,1947,64,,2021,#a97842,,2016
1388,186cm,1947,64,,2021,#a97842,,2016
1389,186cm,1947,64,,2021,#a97842,,2016
1390,186cm,1947,64,,2021,#a97842,,2016
1391,186cm,1947,64,,2021,#a97842,,2016
1392,160cm,1988,,788805179,2023,#866857,amb,2022
1393,160cm,1988,,788805179,2023,#866857,amb,2022
1394,160cm,1988,,788805179,2023,#866857,amb,2022
1395,160cm,1988,,788805179,2023,#866857,amb,2022
1396,160cm,1988,,788805179,2023,#866857,amb,2022
1397,160cm,1988,,788805179,2023,#866857,amb,2022
1398,160cm,1988,,788805179,2023,#866857,amb,2022
1399,164cm,1996,338,208596014,2029,#efcc98,blu,
1400,164cm,1996,338,208596014,2029,#efcc98,blu,
1401,164cm,1996,338,208596014,2029,#efcc98,blu,
1402,164cm,1996,338,208596014,2029,#efcc98,blu,
1403,164cm,1996,338,208596014,2029,#efcc98,blu,
1404,164cm,1996,338,208596014,2029,#efcc98,blu,
1405,164cm,1996,338,208596014,2029,#efcc98,blu,
1406,192cm,1960,,357680064,2029,#c0946f,gry,
1407,192cm,1960,,357680064,2029,#c0946f,gry,
1408,192cm,1960,,357680064,2029,#c0946f,gry,
1409,192cm,1960,,357680064,2029,#c0946f,gry,
1410,192cm,1960,,357680064,2029,#c0946f,gry,
1411,192cm,1960,,357680064,2029,#c0946f,gry,
1412,167in,2006,346,19531341,2035,z,#d32320,2024
1413,167in,2006,346,19531341,2035,z,#d32320,2024
1414,167in,2006,346,19531341,2035,z,#d32320,2024
1415,167in,2006,346,19531341,2035,z,#d32320,2024
1416,167in,2006,346,19531341,2035,z,#d32320,2024
1417,167in,2006,346,19531341,2035,z,#d32320,2024
1418,167in,2006,346,19531341,2035,z,#d32320,2024
1419,167in,2006,346,19531341,2035,z,#d32320,2024
1420,185cm,1987,,843729120,2022,#c0946f,amb,2012
1421,185cm,1987,,843729120,2022,#c0946f,amb,2012
1422,185cm,1987,,843729120,2022,#c0946f,amb,2012
1423,185cm,1987,,843729120,2022,#c0946f,amb,2012
1424,185cm,1987,,843729120,2022,#c0946f,amb,2012
1425,185cm,1987,,843729120,2022,#c0946f,amb,2012
1426,185cm,1987,,843729120,2022,#c0946f,amb,2012
1427,162cm,1961,54,891397982,2020,,brn,2011
1428,162cm,1961,54,891397982,2020,,brn,2011
1429,162cm,1961,54,891397982,2020,,brn,2011
1430,162cm,1961,54,891397982,2020,,brn,2011
1431,162cm,1961,54,891397982,2020,,brn,2011
1432,162cm,1961,54,891397982,2020,,brn,2011
1433,162cm,1961,54,891397982,2020,,brn,2011
1434,152cm,2019,,182cm,2028,43d56d,zzz,2015
1435,152cm,2019,,182cm,2028,43d56d,zzz,2015
1436,152cm,2019,,182cm,2028,43d56d,zzz,2015
1437,152cm,2019,,182cm,2028,43d56d,zzz,2015
1438,152cm,2019,,182cm,2028,43d56d,zzz,2015
1439,152cm,2019,,182cm,2028,43d56d,zzz,2015
1440,152cm,2019,,182cm,2028,43d56d,zzz,2015
1441,174cm,1979,228,82422450,2022,#18171d,amb,2013
1442,174cm,1979,228,82422450,2022,#18171d,amb,2013
1443,174cm,1979,228,82422450,2022,#18171d,amb,2013
1444,174cm,1979,228,82422450,2022,#18171d,amb,2013
1445,174cm,1979,228,82422450,2022,#18171d,amb,2013
1446,174cm,1979,228,82422450,2022,#18171d,amb,2013
1447,174cm,1979,228,82422450,2022,#18171d,amb,2013
1448,174cm,1979,228,82422450,2022,#18171d,amb,2013
1449,184cm,1924,156,451347151,2027,#b6652a,gry,2017
1450,184cm,1924,156,451347151,2027,#b6652a,gry,2017
1451,184cm,1924,156,451347151,2027,#b6652a,gry,2017
1452,184cm,1924,156,451347151,2027,#b6652a,gry,2017
1453,184cm,1924,156,451347151,2027,#b6652a,gry,2017
1454,184cm,1924,156,451347151,2027,#b6652a,gry,2017
1455,184cm,1924,156,451347151,2027,#b6652a,gry,2017
1456,184cm,1924,156,451347151,2027,#b6652a,gry,2017
1457,65in,,,850192502,2023,#7d3b0c,gry,2011
1458,65in,,,850192502,2023,#7d3b0c,gry,2011
1459,65in,,,850192502,2023,#7d3b0c,gry,2011
1460,65in,,,850192502,2023,#7d3b0c,gry,2011
1461,65in,,,850192502,2023,#7d3b0c,gry,2011
1462,65in,,,850192502,2023,#7d3b0c,gry,2011
1463,181cm,1934,199,233345009,2024,#341e13,amb,2017
1464,181cm,1934,199,233345009,2024,#341e13,amb,2017
1465,181cm,1934,199,233345009,2024,#341e13,amb,2017
1466,181cm,1934,199,233345009,2024,#341e13,amb,2017
1467,181cm,1934,199,233345009,2024,#341e13,amb,2017
1468,181cm,1934,199,233345009,2024,#341e13,amb,2017
1469,181cm,1934,199,233345009,2024,#341e13,amb,2017
1470,181cm,1934,199,233345009,2024,#341e13,amb,2017
1471,176cm,,,#4cb480,2026,z,dne,1958
1472,176cm,,,#4cb480,2026,z,dne,1958
1473,176cm,,,#4cb480,2026,z,dne,1958
1474,176cm,,,#4cb480,2026,z,dne,1958
1475,176cm,,,#4cb480,2026,z,dne,1958
1476,176cm,,,#4cb480,2026,z,dne,1958
1477,178cm,1994,,790075315,2027,#341e13,grn,2016
1478,178cm,1994,,790075315,2027,#341e13,grn,2016
1479,178cm,1994,,790075315,2027,#341e13,grn,2016
1480,178cm,1994,,790075315,2027,#341e13,grn,2016
1481,178cm,1994,,790075315,2027,#341e13,grn,2016
1482,178cm,1994,,790075315,2027,#341e13,grn,2016
1483,178cm,1994,,790075315,2027,#341e13,grn,2016
1484,157cm,1958,,140922484,2025,#623a2f,brn,2019
1485,157cm,1958,,140922484,2025,#623a2f,brn,2019
1486,157cm,1958,,140922484,2025,#623a2f,brn,2019
1487,157cm,1958,,140922484,2025,#623a2f,brn,2019
1488,157cm,1958,,140922484,2025,#623a2f,brn,2019
1489,157cm,1958,,140922484,2025,#623a2f,brn,2019
1490,157cm,1958,,140922484,2025,#623a2f,brn,2019
1491,160cm,1947,198,466785488,2020,#cfa07d,hzl,2010
1492,160cm,1947,198,466785488,2020,#cfa07d,hzl,2010
1493,160cm,1947,198,466785488,2020,#cfa07d,hzl,2010
1494,160cm,1947,198,466785488,2020,#cfa07d,hzl,2010
1495,160cm,1947,198,466785488,2020,#cfa07d,hzl,2010
1496,160cm,1947,198,466785488,2020,#cfa07d,hzl,2010
1497,160cm,1947,198,466785488,2020,#cfa07d,hzl,2010
1498,160cm,1947,198,466785488,2020,#cfa07d,hzl,2010
1499,171cm,1963,,463249115,2022,#fffffd,oth,2017
1500,171cm,1963,,463249115,2022,#fffffd,oth,2017
1501,171cm,1963,,463249115,2022,#fffffd,oth,2017
1502,171cm,1963,,463249115,2022,#fffffd,oth,2017
1503,171cm,1963,,463249115,2022,#fffffd,oth,2017
1504,171cm,1963,,463249115,2022,#fffffd,oth,2017
1505,171cm,1963,,463249115,2022,#fffffd,oth,2017
1506,73cm,1968,54,470317690,2029,#c0946f,blu,2015
1507,73cm,1968,54,470317690,2029,#c0946f,blu,2015
1508,73cm,1968,54,470317690,2029,#c0946f,blu,2015
1509,73cm,1968,54,470317690,2029,#c0946f,blu,2015
1510,73cm,1968,54,470317690,2029,#c0946f,blu,2015
1511,73cm,1968,54,470317690,2029,#c0946f,blu,2015
1512,73cm,1968,54,470317690,2029,#c0946f,blu,2015
1513,73cm,1968,54,470317690,2029,#c0946f,blu,2015
1514,162cm,1951,,,2029,#b6652a,blu,2014
1515,162cm,1951,,,2029,#b6652a,blu,2014
1516,162cm,1951,,,2029,#b6652a,blu,2014
1517,162cm,1951,,,2029,#b6652a,blu,2014
1518,162cm,1951,,,2029,#b6652a,blu,2014
1519,162cm,1951,,,2029,#b6652a,blu,2014
1520,176cm,1963,,453133253,2025,#888785,oth,2017
1521,176cm,1963,,453133253,2025,#888785,oth,2017
1522,176cm,1963,,453133253,2025,#888785,oth,2017
1523,176cm,1963,,453133253,2025,#888785,oth,2017
1524,176cm,1963,,453133253,2025,#888785,oth,2017
1525,176cm,1963,,453133253,2025,#888785,oth,2017
1526,176cm,1963,,453133253,2025,#888785,oth,2017
1527,162cm,1950,330,937122408,2024,#efcc98,gry,2020
1528,162cm,1950,330,937122408,2024,#efcc98,gry,2020
1529,162cm,1950,330,937122408,2024,#efcc98,gry,2020
1530,162cm,1950,330,937122408,2024,#efcc98,gry,2020
1531,162cm,1950,330,937122408,2024,#efcc98,gry,2020
1532,162cm,1950,330,937122408,2024,#efcc98,gry,2020
1533,162cm,1950,330,937122408,2024,#efcc98,gry,2020
1534,162cm,1950,330,937122408,2024,#efcc98,gry,2020
1535,168cm,1932,165,745867335,2030,#c0946f,grt,2018
1536,168cm,1932,165,745867335,2030,#c0946f,grt,2018
1537,168cm,1932,165,745867335,2030,#c0946f,grt,2018
1538,168cm,1932,165,745867335,2030,#c0946f,grt,2018
1539,168cm,1932,165,745867335,2030,#c0946f,grt,2018
1540,168cm,1932,165,745867335,2030,#c0946f,grt,2018
1541,168cm,1932,165,745867335,2030,#c0946f,grt,2018
1542,168cm,1932,165,745867335,2030,#c0946f,grt,2018
1543,178cm,1949,220,116003343,2028,#c0946f,hzl,2020
1544,178cm,1949,220,116003343,2028,#c0946f,hzl,2020
1545,178cm,1949,220,116003343,2028,#c0946f,hzl,2020
1546,178cm,1949,220,116003343,2028,#c0946f,hzl,2020
1547,178cm,1949,220,116003343,2028,#c0946f,hzl,2020
1548,178cm,1949,220,116003343,2028,#c0946f,hzl,2020
1549,178cm,1949,220,116003343,2028,#c0946f,hzl,2020
1550,178cm,1949,220,116003343,2028,#c0946f,hzl,2020
1551,74cm,2007,314,186cm,1973,180e0c,hzl,2013
1552,74cm,2007,314,186cm,1973,180e0c,hzl,2013
1553,74cm,2007,314,186cm,1973,180e0c,hzl,2013
1554,74cm,2007,314,186cm,1973,180e0c,hzl,2013
1555,74cm,2007,314,186cm,1973,180e0c,hzl,2013
1556,74cm,2007,314,186cm,1973,180e0c,hzl,2013
1557,74cm,2007,314,186cm,1973,180e0c,hzl,2013
1558,74cm,2007,314,186cm,1973,180e0c,hzl,2013
1559,154cm,1999,,486330019,2026,#efcc98,oth,2019
1560,154cm,1999,,486330019,2026,#efcc98,oth,2019
1561,154cm,1999,,486330019,2026,#efcc98,oth,2019
1562,154cm,1999,,486330019,2026,#efcc98,oth,2019
1563,154cm,1999,,486330019,2026,#efcc98,oth,2019
1564,154cm,1999,,486330019,2026,#efcc98,oth,2019
1565,154cm,1999,,486330019,2026,#efcc98,oth,2019
1566,160cm,1950,,648616604,2030,#18171d,gry,2018
1567,160cm,1950,,648616604,2030,#18171d,gry,2018
1568,160cm,1950,,648616604,2030,#18171d,gry,2018
1569,160cm,1950,,648616604,2030,#18171d,gry,2018
1570,160cm,1950,,648616604,2030,#18171d,gry,2018
1571,160cm,1950,,648616604,2030,#18171d,gry,2018
1572,160cm,1950,,648616604,2030,#18171d,gry,2018
1573,173cm,1993,,317451887,2029,#fffffd,oth,2010
1574,173cm,1993,,317451887,2029,#fffffd,oth,2010
1575,173cm,1993,,317451887,2029,#fffffd,oth,2010
1576,173cm,1993,,317451887,2029,#fffffd,oth,2010
1577,173cm,1993,,317451887,2029,#fffffd,oth,2010
1578,173cm,1993,,317451887,2029,#fffffd,oth,2010
1579,173cm,1993,,317451887,2029,#fffffd,oth,2010
1580,157cm,1963,,005387570,2023,#866857,brn,2012
1581,157cm,1963,,005387570,2023,#866857,brn,2012
1582,157cm,1963,,005387570,2023,#866857,brn,2012
1583,157cm,1963,,005387570,2023,#866857,brn,2012
1584,157cm,1963,,005387570,2023,#866857,brn,2012
1585,157cm,1963,,005387570,2023,#866857,brn,2012
1586,157cm,1963,,005387570,2023,#866857,brn,2012
1587,168cm,1957,198,419695212,2020,#888785,amb,2015
1588,168cm,1957,198,419695212,2020,#888785,amb,2015
1589,168cm,1957,198,419695212,2020,#888785,amb,2015
1590,168cm,1957,198,419695212,2020,#888785,amb,2015
1591,168cm,1957,198,419695212,2020,#888785,amb,2015
1592,168cm,1957,198,419695212,2020,#888785,amb,2015
1593,168cm,1957,198,419695212,2020,#888785,amb,2015
1594,168cm,1957,198,419695212,2020,#888785,amb,2015
1595,153cm,1983,,039995171,2024,#a97842,amb,2017
1596,153cm,1983,,039995171,2024,#a97842,amb,2017
1597,153cm,1983,,039995171,2024,#a97842,amb,2017
1598,153cm,1983,,039995171,2024,#a97842,amb,2017
1599,153cm,1983,,039995171,2024,#a97842,amb,2017
1600,153cm,1983,,039995171,2024,#a97842,amb,2017
1601,153cm,1983,,039995171,2024,#a97842,amb,2017
1602,157cm,1979,,110855542,2021,#c0946f,blu,2011
1603,157cm,1979,,110855542,2021,#c0946f,blu,2011
1604,157cm,1979,,110855542,2021,#c0946f,blu,2011
1605,157cm,1979,,110855542,2021,#c0946f,blu,2011
1606,157cm,1979,,110855542,2021,#c0946f,blu,2011
1607,157cm,1979,,110855542,2021,#c0946f,blu,2011
1608,157cm,1979,,110855542,2021,#c0946f,blu,2011
1609,164cm,1988,,948753945,2029,#ceb3a1,blu,2012
1610,164cm,1988,,948753945,2029,#ceb3a1,blu,2012
1611,164cm,1988,,948753945,2029,#ceb3a1,blu,2012
1612,164cm,1988,,948753945,2029,#ceb3a1,blu,2012
1613,164cm,1988,,948753945,2029,#ceb3a1,blu,2012
1614,164cm,1988,,948753945,2029,#ceb3a1,blu,2012
1615,164cm,1988,,948753945,2029,#ceb3a1,blu,2012
1616,184cm,1985,,#175129,2032,#fffffd,hzl,2010
1617,184cm,1985,,#175129,2032,#fffffd,hzl,2010
1618,184cm,1985,,#175129,2032,#fffffd,hzl,2010
1619,184cm,1985,,#175129,2032,#fffffd,hzl,2010
1620,184cm,1985,,#175129,2032,#fffffd,hzl,2010
1621,184cm,1985,,#175129,2032,#fffffd,hzl,2010
1622,184cm,1985,,#175129,2032,#fffffd,hzl,2010
1623,189cm,1936,,728752361,2027,#733820,blu,2011
1624,189cm,1936,,728752361,2027,#733820,blu,2011
1625,189cm,1936,,728752361,2027,#733820,blu,2011
1626,189cm,1936,,728752361,2027,#733820,blu,2011
1627,189cm,1936,,728752361,2027,#733820,blu,2011
1628,189cm,1936,,728752361,2027,#733820,blu,2011
1629,189cm,1936,,728752361,2027,#733820,blu,2011
1630,172cm,1947,,013415387,2023,#733820,blu,2017
1631,172cm,1947,,013415387,2023,#733820,blu,2017
1632,172cm,1947,,013415387,2023,#733820,blu,2017
1633,172cm,1947,,013415387,2023,#733820,blu,2017
1634,172cm,1947,,013415387,2023,#733820,blu,2017
1635,172cm,1947,,013415387,2023,#733820,blu,2017
1636,172cm,1947,,013415387,2023,#733820,blu,2017
1637,166cm,2012,172,#424ae4,2022,b1319b,#6635d8,2017
1638,166cm,2012,172,#424ae4,2022,b1319b,#6635d8,2017
1639,166cm,2012,172,#424ae4,2022,b1319b,#6635d8,2017
1640,166cm,2012,172,#424ae4,2022,b1319b,#6635d8,2017
1641,166cm,2012,172,#424ae4,2022,b1319b,#6635d8,2017
1642,166cm,2012,172,#424ae4,2022,b1319b,#6635d8,2017
1643,166cm,2012,172,#424ae4,2022,b1319b,#6635d8,2017
1644,166cm,2012,172,#424ae4,2022,b1319b,#6635d8,2017
1645,185cm,1984,,#ac5a90,2030,ac8f43,brn,1928
1646,185cm,1984,,#ac5a90,2030,ac8f43,brn,1928
1647,185cm,1984,,#ac5a90,2030,ac8f43,brn,1928
1648,185cm,1984,,#ac5a90,2030,ac8f43,brn,1928
1649,185cm,1984,,#ac5a90,2030,ac8f43,brn,1928
1650,185cm,1984,,#ac5a90,2030,ac8f43,brn,1928
1651,185cm,1984,,#ac5a90,2030,ac8f43,brn,1928
1652,177cm,1942,,838758900,2027,#fffffd,amb,2014
1653,177cm,1942,,838758900,2027,#fffffd,amb,2014
1654,177cm,1942,,838758900,2027,#fffffd,amb,2014
1655,177cm,1942,,838758900,2027,#fffffd,amb,2014
1656,177cm,1942,,838758900,2027,#fffffd,amb,2014
1657,177cm,1942,,838758900,2027,#fffffd,amb,2014
1658,177cm,1942,,838758900,2027,#fffffd,amb,2014
1659,70cm,2004,166,,2040,#733820,lzr,2020
1660,70cm,2004,166,,2040,#733820,lzr,2020
1661,70cm,2004,166,,2040,#733820,lzr,2020
1662,70cm,2004,166,,2040,#733820,lzr,2020
1663,70cm,2004,166,,2040,#733820,lzr,2020
1664,70cm,2004,166,,2040,#733820,lzr,2020
1665,70cm,2004,166,,2040,#733820,lzr,2020
1666,155in,2016,61,9594283803,2028,#cfa07d,grn,2010
1667,155in,2016,61,9594283803,2028,#cfa07d,grn,2010
1668,155in,2016,61,9594283803,2028,#cfa07d,grn,2010
1669,155in,2016,61,9594283803,2028,#cfa07d,grn,2010
1670,155in,2016,61,9594283803,2028,#cfa07d,grn,2010
1671,155in,2016,61,9594283803,2028,#cfa07d,grn,2010
1672,155in,2016,61,9594283803,2028,#cfa07d,grn,2010
1673,155in,2016,61,9594283803,2028,#cfa07d,grn,2010
1674,128,1997,299,984675198,2037,#b6652a,gmt,
1675,128,1997,299,984675198,2037,#b6652a,gmt,
1676,128,1997,299,984675198,2037,#b6652a,gmt,
1677,128,1997,299,984675198,2037,#b6652a,gmt,
1678,128,1997,299,984675198,2037,#b6652a,gmt,
1679,128,1997,299,984675198,2037,#b6652a,gmt,
1680,128,1997,299,984675198,2037,#b6652a,gmt,
1681,181cm,1971,280,733864914,2021,#054593,amb,2015
1682,181cm,1971,280,733864914,2021,#054593,amb,2015
1683,181cm,1971,280,733864914,2021,#054593,amb,2015
1684,181cm,1971,280,733864914,2021,#054593,amb,2015
1685,181cm,1971,280,733864914,2021,#054593,amb,2015
1686,181cm,1971,280,733864914,2021,#054593,amb,2015
1687,181cm,1971,280,733864914,2021,#054593,amb,2015
1688,181cm,1971,280,733864914,2021,#054593,amb,2015
1689,152cm,1958,274,832736421,2022,#cfa07d,hzl,2010
1690,152cm,1958,274,832736421,2022,#cfa07d,hzl,2010
1691,152cm,1958,274,832736421,2022,#cfa07d,hzl,2010
1692,152cm,1958,274,832736421,2022,#cfa07d,hzl,2010
1693,152cm,1958,274,832736421,2022,#cfa07d,hzl,2010
1694,152cm,1958,274,832736421,2022,#cfa07d,hzl,2010
1695,152cm,1958,274,832736421,2022,#cfa07d,hzl,2010
1696,152cm,1958,274,832736421,2022,#cfa07d,hzl,2010
1697,155cm,1989,223,549182194,2020,#6b5442,oth,2011
1698,155cm,1989,223,549182194,2020,#6b5442,oth,2011
1699,155cm,1989,223,549182194,2020,#6b5442,oth,2011
1700,155cm,1989,223,549182194,2020,#6b5442,oth,2011
1701,155cm,1989,223,549182194,2020,#6b5442,oth,2011
1702,155cm,1989,223,549182194,2020,#6b5442,oth,2011
1703,155cm,1989,223,549182194,2020,#6b5442,oth,2011
1704,155cm,1989,223,549182194,2020,#6b5442,oth,2011
1705,178cm,1941,271,093361240,2027,#cfa07d,brn,2020
1706,178cm,1941,271,093361240,2027,#cfa07d,brn,2020
1707,178cm,1941,271,093361240,2027,#cfa07d,brn,2020
1708,178cm,1941,271,093361240,2027,#cfa07d,brn,2020
1709,178cm,1941,271,093361240,2027,#cfa07d,brn,2020
1710,178cm,1941,271,093361240,2027,#cfa07d,brn,2020
1711,178cm,1941,271,093361240,2027,#cfa07d,brn,2020
1712,178cm,1941,271,093361240,2027,#cfa07d,brn,2020
1713,192cm,1945,290,910713369,2027,#7d3b0c,blu,2020
1714,192cm,1945,290,910713369,2027,#7d3b0c,blu,2020
1715,192cm,1945,290,910713369,2027,#7d3b0c,blu,2020
1716,192cm,1945,290,910713369,2027,#7d3b0c,blu,2020
1717,192cm,1945,290,910713369,2027,#7d3b0c,blu,2020
1718,192cm,1945,290,910713369,2027,#7d3b0c,blu,2020
1719,192cm,1945,290,910713369,2027,#7d3b0c,blu,2020
1720,192cm,1945,290,910713369,2027,#7d3b0c,blu,2020
1721,159cm,1991,,9496171384,2030,#ceb3a1,xry,2016
1722,159cm,1991,,9496171384,2030,#ceb3a1,xry,2016
1723,159cm,1991,,9496171384,2030,#ceb3a1,xry,2016
1724,159cm,1991,,9496171384,2030,#ceb3a1,xry,2016
1725,159cm,1991,,9496171384,2030,#ceb3a1,xry,2016
1726,159cm,1991,,9496171384,2030,#ceb3a1,xry,2016
1727,159cm,1991,,9496171384,2030,#ceb3a1,xry,2016
1728,157in,1970,,812617809,2020,#7d3b0c,gmt,1971
1729,157in,1970,,812617809,2020,#7d3b0c,gmt,1971
1730,157in,1970,,812617809,2020,#7d3b0c,gmt,1971
1731,157in,1970,,812617809,2020,#7d3b0c,gmt,1971
1732,157in,1970,,812617809,2020,#7d3b0c,gmt,1971
1733,157in,1970,,812617809,2020,#7d3b0c,gmt,1971
1734,157in,1970,,812617809,2020,#7d3b0c,gmt,1971
1735,169cm,1945,,596027311,2030,#866857,oth,2010
1736,169cm,1945,,596027311,2030,#866857,oth,2010
1737,169cm,1945,,596027311,2030,#866857,oth,2010
1738,169cm,1945,,596027311,2030,#866857,oth,2010
1739,169cm,1945,,596027311,2030,#866857,oth,2010
1740,169cm,1945,,596027311,2030,#866857,oth,2010
1741,169cm,1945,,596027311,2030,#866857,oth,2010
1742,176cm,2012,64,213213359,1971,be7b13,gmt,2011
1743,176cm,2012,64,213213359,1971,be7b13,gmt,2011
1744,176cm,2012,64,213213359,1971,be7b13,gmt,2011
1745,176cm,2012,64,213213359,1971,be7b13,gmt,2011
1746,176cm,2012,64,213213359,1971,be7b13,gmt,2011
1747,176cm,2012,64,213213359,1971,be7b13,gmt,2011
1748,176cm,2012,64,213213359,1971,be7b13,gmt,2011
1749,176cm,2012,64,213213359,1971,be7b13,gmt,2011
1750,66cm,1928,87,27107946,2040,,utc,
1751,66cm,1928,87,27107946,2040,,utc,
1752,66cm,1928,87,27107946,2040,,utc,
1753,66cm,1928,87,27107946,2040,,utc,
1754,66cm,1928,87,27107946,2040,,utc,
1755,66cm,1928,87,27107946,2040,,utc,
1756,68,1959,,9017609497,2023,4e023b,blu,2029
1757,68,1959,,9017609497,2023,4e023b,blu,2029
1758,68,1959,,9017609497,2023,4e023b,blu,2029
1759,68,1959,,9017609497,2023,4e023b,blu,2029
1760,68,1959,,9017609497,2023,4e023b,blu,2029
1761,68,1959,,9017609497,2023,4e023b,blu,2029
1762,68,1959,,9017609497,2023,4e023b,blu,2029
1763,164cm,2008,,420168481,2023,#b6652a,grn,2012
1764,164cm,2008,,420168481,2023,#b6652a,grn,2012
1765,164cm,2008,,420168481,2023,#b6652a,grn,2012
1766,164cm,2008,,420168481,2023,#b6652a,grn,2012
1767,164cm,2008,,420168481,2023,#b6652a,grn,2012
1768,164cm,2008,,420168481,2023,#b6652a,grn,2012
1769,164cm,2008,,420168481,2023,#b6652a,grn,2012
1770,150in,1934,163,2863284754,1977,#623a2f,brn,2018
1771,150in,1934,163,2863284754,1977,#623a2f,brn,2018
1772,150in,1934,163,2863284754,1977,#623a2f,brn,2018
1773,150in,1934,163,2863284754,1977,#623a2f,brn,2018
1774,150in,1934,163,2863284754,1977,#623a2f,brn,2018
1775,150in,1934,163,2863284754,1977,#623a2f,brn,2018
1776,150in,1934,163,2863284754,1977,#623a2f,brn,2018
1777,150in,1934,163,2863284754,1977,#623a2f,brn,2018
1778,186cm,1941,145,722056139,2031,#cfa07d,hzl,2010
1779,186cm,1941,145,722056139,2031,#cfa07d,hzl,2010
1780,186cm,1941,145,722056139,2031,#cfa07d,hzl,2010
1781,186cm,1941,145,722056139,2031,#cfa07d,hzl,2010
1782,186cm,1941,145,722056139,2031,#cfa07d,hzl,2010
1783,186cm,1941,145,722056139,2031,#cfa07d,hzl,2010
1784,186cm,1941,145,722056139,2031,#cfa07d,hzl,2010
1785,186cm,1941,145,722056139,2031,#cfa07d,hzl,2010
1786,156cm,1977,278,,2027,#888785,blu,2018
1787,156cm,1977,278,,2027,#888785,blu,2018
1788,156cm,1977,278,,2027,#888785,blu,2018
1789,156cm,1977,278,,2027,#888785,blu,2018
1790,156cm,1977,278,,2027,#888785,blu,2018
1791,156cm,1977,278,,2027,#888785,blu,2018
1792,156cm,1977,278,,2027,#888785,blu,2018
1793,82,2007,191,#1cf69f,2039,z,dne,2021
1794,82,2007,191,#1cf69f,2039,z,dne,2021
1795,82,2007,191,#1cf69f,2039,z,dne,2021
1796,82,2007,191,#1cf69f,2039,z,dne,2021
1797,82,2007,191,#1cf69f,2039,z,dne,2021
1798,82,2007,191,#1cf69f,2039,z,dne,2021
1799,82,2007,191,#1cf69f,2039,z,dne,2021
1800,82,2007,191,#1cf69f,2039,z,dne,2021
1801,66cm,,111,183cm,1947,,#016f6a,1950
1802,66cm,,111,183cm,1947,,#016f6a,1950
1803,66cm,,111,183cm,1947,,#016f6a,1950
1804,66cm,,111,183cm,1947,,#016f6a,1950
1805,66cm,,111,183cm,1947,,#016f6a,1950
1806,66cm,,111,183cm,1947,,#016f6a,1950
1807,186cm,1957,149,827898914,2029,#701e04,hzl,2015
1808,186cm,1957,149,827898914,2029,#701e04,hzl,2015
1809,186cm,1957,149,827898914,2029,#701e04,hzl,2015
1810,186cm,1957,149,827898914,2029,#701e04,hzl,2015
1811,186cm,1957,149,827898914,2029,#701e04,hzl,2015
1812,186cm,1957,149,827898914,2029,#701e04,hzl,2015
1813,186cm,1957,149,827898914,2029,#701e04,hzl,2015
1814,186cm,1957,149,827898914,2029,#701e04,hzl,2015
1815,189cm,1974,214,785688542,2030,#18171d,brn,
1816,189cm,1974,214,785688542,2030,#18171d,brn,
1817,189cm,1974,214,785688542,2030,#18171d,brn,
1818,189cm,1974,214,785688542,2030,#18171d,brn,
1819,189cm,1974,214,785688542,2030,#18171d,brn,
1820,189cm,1974,214,785688542,2030,#18171d,brn,
1821,189cm,1974,214,785688542,2030,#18171d,brn,
1822,67in,1959,241,389488422,2027,#866857,grn,2015
1823,67in,1959,241,389488422,2027,#866857,grn,2015
1824,67in,1959,241,389488422,2027,#866857,grn,2015
1825,67in,1959,241,389488422,2027,#866857,grn,2015
1826,67in,1959,241,389488422,2027,#866857,grn,2015
1827,67in,1959,241,389488422,2027,#866857,grn,2015
1828,67in,1959,241,389488422,2027,#866857,grn,2015
1829,67in,1959,241,389488422,2027,#866857,grn,2015
1830,193cm,1952,,033382338,2026,#6b5442,grn,2011
1831,193cm,1952,,033382338,2026,#6b5442,grn,2011
1832,193cm,1952,,033382338,2026,#6b5442,grn,2011
1833,193cm,1952,,033382338,2026,#6b5442,grn,2011
1834,193cm,1952,,033382338,2026,#6b5442,grn,2011
1835,193cm,1952,,033382338,2026,#6b5442,grn,2011
1836,193cm,1952,,033382338,2026,#6b5442,grn,2011
1837,166cm,1927,,927006613,2029,#623a2f,hzl,2020
1838,166cm,1927,,927006613,2029,#623a2f,hzl,2020
1839,166cm,1927,,927006613,2029,#623a2f,hzl,2020
1840,166cm,1927,,927006613,2029,#623a2f,hzl,2020
1841,166cm,1927,,927006613,2029,#623a2f,hzl,2020
1842,166cm,1927,,927006613,2029,#623a2f,hzl,2020
1843,166cm,1927,,927006613,2029,#623a2f,hzl,2020
1844,71in,1945,268,640783974,2025,#b6652a,gry,2019
1845,71in,1945,268,640783974,2025,#b6652a,gry,2019
1846,71in,1945,268,640783974,2025,#b6652a,gry,2019
1847,71in,1945,268,640783974,2025,#b6652a,gry,2019
1848,71in,1945,268,640783974,2025,#b6652a,gry,2019
1849,71in,1945,268,640783974,2025,#b6652a,gry,2019
1850,71in,1945,268,640783974,2025,#b6652a,gry,2019
1851,71in,1945,268,640783974,2025,#b6652a,gry,2019
1852,163cm,1967,309,1285584293,2031,#733820,oth,2020
1853,163cm,1967,309,1285584293,2031,#733820,oth,2020
1854,163cm,1967,309,1285584293,2031,#733820,oth,2020
1855,163cm,1967,309,1285584293,2031,#733820,oth,2020
1856,163cm,1967,309,1285584293,2031,#733820,oth,2020
1857,163cm,1967,309,1285584293,2031,#733820,oth,2020
1858,163cm,1967,309,1285584293,2031,#733820,oth,2020
1859,163cm,1967,309,1285584293,2031,#733820,oth,2020
1860,182cm,1956,,910349085,2025,#623a2f,gry,2011
1861,182cm,1956,,910349085,2025,#623a2f,gry,2011
1862,182cm,1956,,910349085,2025,#623a2f,gry,2011
1863,182cm,1956,,910349085,2025,#623a2f,gry,2011
1864,182cm,1956,,910349085,2025,#623a2f,gry,2011
1865,182cm,1956,,910349085,2025,#623a2f,gry,2011
1866,182cm,1956,,910349085,2025,#623a2f,gry,2011
1867,153cm,1990,,018283044,2024,#602927,gry,2020
1868,153cm,1990,,018283044,2024,#602927,gry,2020
1869,153cm,1990,,018283044,2024,#602927,gry,2020
1870,153cm,1990,,018283044,2024,#602927,gry,2020
1871,153cm,1990,,018283044,2024,#602927,gry,2020
1872,153cm,1990,,018283044,2024,#602927,gry,2020
1873,153cm,1990,,018283044,2024,#602927,gry,2020
1874,184cm,1987,205,405733635,2023,#866857,oth,2012
1875,184cm,1987,205,405733635,2023,#866857,oth,2012
1876,184cm,1987,205,405733635,2023,#866857,oth,2012
1877,184cm,1987,205,405733635,2023,#866857,oth,2012
1878,184cm,1987,205,405733635,2023,#866857,oth,2012
1879,184cm,1987,205,405733635,2023,#866857,oth,2012
1880,184cm,1987,205,405733635,2023,#866857,oth,2012
1881,184cm,1987,205,405733635,2023,#866857,oth,2012
1882,167cm,1960,313,,2025,#18171d,brn,2015
1883,167cm,1960,313,,2025,#18171d,brn,2015
1884,167cm,1960,313,,2025,#18171d,brn,2015
1885,167cm,1960,313,,2025,#18171d,brn,2015
1886,167cm,1960,313,,2025,#18171d,brn,2015
1887,167cm,1960,313,,2025,#18171d,brn,2015
1888,167cm,1960,313,,2025,#18171d,brn,2015
1889,165cm,1933,203,747009469,2027,#1cdbb3,hzl,2014
1890,165cm,1933,203,747009469,2027,#1cdbb3,hzl,2014
1891,165cm,1933,203,747009469,2027,#1cdbb3,hzl,2014
1892,165cm,1933,203,747009469,2027,#1cdbb3,hzl,2014
1893,165cm,1933,203,747009469,2027,#1cdbb3,hzl,2014
1894,165cm,1933,203,747009469,2027,#1cdbb3,hzl,2014
1895,165cm,1933,203,747009469,2027,#1cdbb3,hzl,2014
1896,165cm,1933,203,747009469,2027,#1cdbb3,hzl,2014
1897,169cm,1966,,621876532,,#efcc98,gry,2014
1898,169cm,1966,,621876532,,#efcc98,gry,2014
1899,169cm,1966,,621876532,,#efcc98,gry,2014
1900,169cm,1966,,621876532,,#efcc98,gry,2014
1901,169cm,1966,,621876532,,#efcc98,gry,2014
1902,169cm,1966,,621876532,,#efcc98,gry,2014
1903,180cm,1970,342,137287449,2029,#a97842,oth,2011
1904,180cm,1970,342,137287449,2029,#a97842,oth,2011
1905,180cm,1970,342,137287449,2029,#a97842,oth,2011
1906,180cm,1970,342,137287449,2029,#a97842,oth,2011
1907,180cm,1970,342,137287449,2029,#a97842,oth,2011
1908,180cm,1970,342,137287449,2029,#a97842,oth,2011
1909,180cm,1970,342,137287449,2029,#a97842,oth,2011
1910,180cm,1970,342,137287449,2029,#a97842,oth,2011
1911,183cm,1985,,,2022,#cfa07d,grn,2013
1912,183cm,1985,,,2022,#cfa07d,grn,2013
1913,183cm,1985,,,2022,#cfa07d,grn,2013
1914,183cm,1985,,,2022,#cfa07d,grn,2013
1915,183cm,1985,,,2022,#cfa07d,grn,2013
1916,183cm,1985,,,2022,#cfa07d,grn,2013
1917,,1966,,164cm,2021,z,utc,2023
1918,,1966,,164cm,2021,z,utc,2023
1919,,1966,,164cm,2021,z,utc,2023
1920,,1966,,164cm,2021,z,utc,2023
1921,,1966,,164cm,2021,z,utc,2023
1922,,1966,,164cm,2021,z,utc,2023
1923,177cm,1973,60,324648387,2022,#fffffd,oth,2010
1924,177cm,1973,60,324648387,2022,#fffffd,oth,2010
1925,177cm,1973,60,324648387,2022,#fffffd,oth,2010
1926,177cm,1973,60,324648387,2022,#fffffd,oth,2010
1927,177cm,1973,60,324648387,2022,#fffffd,oth,2010
1928,177cm,1973,60,324648387,2022,#fffffd,oth,2010
1929,177cm,1973,60,324648387,2022,#fffffd,oth,2010
1930,177cm,1973,60,324648387,2022,#fffffd,oth,2010
1931,73in,1928,,632056596,2023,#efcc98,brn,2017
1932,73in,1928,,632056596,2023,#efcc98,brn,2017
1933,73in,1928,,632056596,2023,#efcc98,brn,2017
1934,73in,1928,,632056596,2023,#efcc98,brn,2017
1935,73in,1928,,632056596,2023,#efcc98,brn,2017
1936,73in,1928,,632056596,2023,#efcc98,brn,2017
1937,73in,1928,,632056596,2023,#efcc98,brn,2017
1938,180cm,1943,144,155cm,2035,,amb,2012
1939,180cm,1943,144,155cm,2035,,amb,2012
1940,180cm,1943,144,155cm,2035,,amb,2012
1941,180cm,1943,144,155cm,2035,,amb,2012
1942,180cm,1943,144,155cm,2035,,amb,2012
1943,180cm,1943,144,155cm,2035,,amb,2012
1944,180cm,1943,144,155cm,2035,,amb,2012
1945,172cm,1958,92,927492391,2023,#6b5442,gry,2019
1946,172cm,1958,92,927492391,2023,#6b5442,gry,2019
1947,172cm,1958,92,927492391,2023,#6b5442,gry,2019
1948,172cm,1958,92,927492391,2023,#6b5442,gry,2019
1949,172cm,1958,92,927492391,2023,#6b5442,gry,2019
1950,172cm,1958,92,927492391,2023,#6b5442,gry,2019
1951,172cm,1958,92,927492391,2023,#6b5442,gry,2019
1952,172cm,1958,92,927492391,2023,#6b5442,gry,2019
1953,193in,2026,82,,2034,#b6652a,grn,2020
1954,193in,2026,82,,2034,#b6652a,grn,2020
1955,193in,2026,82,,2034,#b6652a,grn,2020
1956,193in,2026,82,,2034,#b6652a,grn,2020
1957,193in,2026,82,,2034,#b6652a,grn,2020
1958,193in,2026,82,,2034,#b6652a,grn,2020
1959,193in,2026,82,,2034,#b6652a,grn,2020
1960,101,2015,136,151cm,2040,245cb3,lzr,1922
1961,101,2015,136,151cm,2040,245cb3,lzr,1922
1962,101,2015,136,151cm,2040,245cb3,lzr,1922
1963,101,2015,136,151cm,2040,245cb3,lzr,1922
1964,101,2015,136,151cm,2040,245cb3,lzr,1922
1965,101,2015,136,151cm,2040,245cb3,lzr,1922
1966,101,2015,136,151cm,2040,245cb3,lzr,1922
1967,101,2015,136,151cm,2040,245cb3,lzr,1922
1968,193in,2025,308,9335153289,2029,z,gry,2028
1969,193in,2025,308,9335153289,2029,z,gry,2028
1970,193in,2025,308,9335153289,2029,z,gry,2028
1971,193in,2025,308,9335153289,2029,z,gry,2028
1972,193in,2025,308,9335153289,2029,z,gry,2028
1973,193in,2025,308,9335153289,2029,z,gry,2028
1974,193in,2025,308,9335153289,2029,z,gry,2028
1975,193in,2025,308,9335153289,2029,z,gry,2028
1976,163cm,1922,169,147768826,2030,#ceb3a1,blu,2014
1977,163cm,1922,169,147768826,2030,#ceb3a1,blu,2014
1978,163cm,1922,169,147768826,2030,#ceb3a1,blu,2014
1979,163cm,1922,169,147768826,2030,#ceb3a1,blu,2014
1980,163cm,1922,169,147768826,2030,#ceb3a1,blu,2014
1981,163cm,1922,169,147768826,2030,#ceb3a1,blu,2014
1982,163cm,1922,169,147768826,2030,#ceb3a1,blu,2014
1983,163cm,1922,169,147768826,2030,#ceb3a1,blu,2014
1984,188cm,2002,165,998185490,2028,#c0946f,blu,2020
1985,188cm,2002,165,998185490,2028,#c0946f,blu,2020
1986,188cm,2002,165,998185490,2028,#c0946f,blu,2020
1987,188cm,2002,165,998185490,2028,#c0946f,blu,2020
1988,188cm,2002,165,998185490,2028,#c0946f,blu,2020
1989,188cm,2002,165,998185490,2028,#c0946f,blu,2020
1990,188cm,2002,165,998185490,2028,#c0946f,blu,2020
1991,188cm,2002,165,998185490,2028,#c0946f,blu,2020
1992,188cm,2002,165,998185490,2028,#c0946f,blu,2020
